Feature ID	Taxon	Confidence
13e31540432f65cb5f06fcde85b69c8b	D_0__Bacteria;D_1__Proteobacteria;D_2__Alphaproteobacteria;D_3__Acetobacterales;D_4__Acetobacteraceae;D_5__Acetobacter	0.997554864818511
e12effb6ec1fdeb2f4b3fc5ac9a691ad	D_0__Bacteria;D_1__Proteobacteria;D_2__Alphaproteobacteria;D_3__Acetobacterales;D_4__Acetobacteraceae;D_5__Acetobacter	0.9975549060967487
35a7a7077a26370ac466525b70d44629	D_0__Bacteria;D_1__Proteobacteria;D_2__Alphaproteobacteria;D_3__Acetobacterales;D_4__Acetobacteraceae;D_5__Acetobacter	0.9975610555972846
244f5cdd01dcd44bd6dc9736eb23cbbf	D_0__Bacteria;D_1__Proteobacteria;D_2__Alphaproteobacteria;D_3__Acetobacterales;D_4__Acetobacteraceae;D_5__Acetobacter	0.9975692280588108
0566a9753a856f3db23ef7b6a2d93ebc	D_0__Bacteria;D_1__Proteobacteria;D_2__Alphaproteobacteria;D_3__Acetobacterales;D_4__Acetobacteraceae;D_5__Acetobacter	0.9975506252687872
1b1092e1ea11e2631434447639629423	D_0__Bacteria;D_1__Proteobacteria;D_2__Alphaproteobacteria;D_3__Acetobacterales;D_4__Acetobacteraceae;D_5__Acetobacter	0.9972080286067987
0aecf2892a9b0e621c6d17b521d70180	D_0__Bacteria;D_1__Proteobacteria;D_2__Alphaproteobacteria;D_3__Acetobacterales;D_4__Acetobacteraceae;D_5__Acetobacter	0.997553524015732
3333476542c0dda12eca00fabceb20c7	D_0__Bacteria;D_1__Firmicutes;D_2__Bacilli;D_3__Lactobacillales;D_4__Lactobacillaceae;D_5__Lactobacillus	0.9553170194474451
75221aaf2aebc1894f4861bba655f0ec	D_0__Bacteria;D_1__Proteobacteria;D_2__Alphaproteobacteria;D_3__Acetobacterales;D_4__Acetobacteraceae;D_5__Acetobacter;D_6__Acetobacter persici	0.9121705213677042
67d9b73145485e41a303df05647e4b32	D_0__Bacteria;D_1__Firmicutes;D_2__Bacilli;D_3__Lactobacillales;D_4__Lactobacillaceae;D_5__Lactobacillus	0.9999280728548384
6f58c25ce48fdb1b2f2314c1c3590010	D_0__Bacteria;D_1__Firmicutes;D_2__Bacilli;D_3__Lactobacillales;D_4__Lactobacillaceae;D_5__Lactobacillus	0.9327959292604365
9d609dae14036050a42d64f6e70039c0	D_0__Bacteria;D_1__Actinobacteria;D_2__Actinobacteria;D_3__Corynebacteriales;D_4__Corynebacteriaceae;D_5__Corynebacterium 1	0.8535295293975165
cf059a5bccad6b962d5d5abbe698ea47	D_0__Bacteria;D_1__Proteobacteria;D_2__Alphaproteobacteria;D_3__Acetobacterales;D_4__Acetobacteraceae;D_5__Acetobacter	0.994663859035062
0d67396fb8d7936ab75c617b73d87c70	D_0__Bacteria;D_1__Firmicutes;D_2__Bacilli;D_3__Lactobacillales;D_4__Lactobacillaceae;D_5__Lactobacillus	0.9498344922895509
f47bf520b64d7da67fe8735031b838bc	D_0__Bacteria;D_1__Firmicutes;D_2__Bacilli;D_3__Lactobacillales;D_4__Leuconostocaceae;D_5__Leuconostoc	0.9999879996382895
a91611acbc118d349ce76e12b96a6496	D_0__Bacteria;D_1__Firmicutes;D_2__Bacilli;D_3__Lactobacillales;D_4__Enterococcaceae;D_5__Enterococcus	0.9303426912525047
c5805b09f539d798fb515cf0de409c00	D_0__Bacteria;D_1__Actinobacteria;D_2__Actinobacteria;D_3__Corynebacteriales;D_4__Corynebacteriaceae;D_5__Corynebacterium	0.9597764094722497
bf697a7435324d455075da72c243fe9c	D_0__Bacteria	0.8068204634878771
fc2d774d1fe6318f3d65cf8a5eb88f35	D_0__Bacteria	0.8031938636663176
1699429c0abb1868dfac2466295ecfc7	Unassigned	0.8841785933343813
d563cf9e84f54e49e3a02b4e05d32442	Unassigned	0.8086192715846712
3e3c9aa52c0da8f45ce032fd7fd3c627	D_0__Bacteria	0.8130635052993374
352c936013e49098ad1525b4769f9e33	Unassigned	0.8799128236482808
9aa54e5d112f53275c60e04d8a8719f2	D_0__Bacteria	0.8135467508176907
cbf4c133650f8b7812b121b072bec278	Unassigned	0.860893012097977
d09f14d2d0ba459bbb0aa4d37ce9e7e0	Unassigned	0.8709522720384699
4207ef66c3ab91a30922d6e0e4a25e46	Unassigned	0.8001470598866327
d6afea01f9cb346659c3dee03bb6dd7f	Unassigned	0.8640597914891474
b0bf66919e0ab4dac4315c59c71bf34c	D_0__Bacteria	0.805404123287021
6346356283a4464ac8bfc1ef5adfcc74	D_0__Bacteria;D_1__Firmicutes;D_2__Bacilli;D_3__Lactobacillales;D_4__Enterococcaceae;D_5__Enterococcus	0.9828119499330878
dc156527ef48f95c29cfeb4df3512a2c	Unassigned	0.8641439523270269
13258d4a1f4cadc4229c6c545dac61a9	Unassigned	0.8290387555992254
152f8037c25855a947e8ffb686b07a86	D_0__Bacteria;D_1__Firmicutes;D_2__Bacilli;D_3__Lactobacillales;D_4__Lactobacillaceae;D_5__Lactobacillus;D_6__Lactobacillus alimentarius	0.8297770818002741
8851dce15f063d815d86f7b5a220770d	Unassigned	0.42694488037972167
cea07c5dee9bead303036203d1b8220e	Unassigned	0.8562956964559625
a319a9a0ab7eb2843a40a7aed13800aa	Unassigned	0.36936766848047475
d599648341a4241f448e2e18859e6c05	Unassigned	0.8801293522883218
8b1ca15c1b3f71611181a060a6acf060	Unassigned	0.6462861842808847
db2be5f73ee43e183058b65f96217eae	D_0__Bacteria	0.8143308656292015
9877d8ccc055ec16ce6b9b397f967207	Unassigned	0.8413499508791278
67c0992c49b1b04d2e0693ba23fe8224	Unassigned	0.6363373462166166
8411abcec51f9ae364491ccbb797b789	Unassigned	0.8206902723375961
a827b123a79dada5708192396588df5a	Unassigned	0.34403589294239845
e1bfeee1bee526ca68f4561592f46367	D_0__Bacteria;D_1__Proteobacteria;D_2__Gammaproteobacteria;D_3__Pseudomonadales;D_4__Moraxellaceae;D_5__Acinetobacter	0.997524984937045
d4afe9a03e3c4b1a42bacba3ebc4477c	Unassigned	0.7864292135277703
e6e4fd1fd4f6f168057365ec4194eb07	D_0__Bacteria;D_1__Bacteroidetes;D_2__Bacteroidia;D_3__Bacteroidales;D_4__Marinifilaceae;D_5__Butyricimonas	0.9026252310337288
f3fa4e785defa2cf0d30f8c451d9dbc3	D_0__Bacteria;D_1__Proteobacteria;D_2__Alphaproteobacteria;D_3__Sphingomonadales;D_4__Sphingomonadaceae;D_5__Novosphingobium	0.9650410833276262
542fa1c42cf3bf9d77cf13df697b1d19	D_0__Bacteria;D_1__Bacteroidetes;D_2__Bacteroidia;D_3__Bacteroidales;D_4__Bacteroidaceae;D_5__Bacteroides	0.9999999977889564
b56427a62aaae816bd8a8b5266e6181c	Unassigned	0.9481040896772386
a890976284aab0feb7c9e9a82147f6a0	Unassigned	0.8870252373199332
5dacfa174e736968c1b2e04b7ad2a221	Unassigned	0.8915259293767658
f690e253d56eb9fda173a16230243625	Unassigned	0.5215702166615397
cb90537d7026156bd4843f3521bc06cb	Unassigned	0.49323840370425565
6875cc1bc5065035a6e8070c8b029962	D_0__Bacteria;D_1__Bacteroidetes;D_2__Bacteroidia;D_3__Bacteroidales;D_4__Tannerellaceae;D_5__Parabacteroides;D_6__Parabacteroides goldsteinii CL02T12C30	0.7659230687436283
2f2c2a684ce9ac819685e3a8267f6802	D_0__Bacteria;D_1__Cyanobacteria;D_2__Oxyphotobacteria;D_3__Chloroplast	0.9999999999999485
6cb86d6194fd8a0dca388218817d101d	D_0__Bacteria;D_1__Bacteroidetes;D_2__Bacteroidia;D_3__Flavobacteriales;D_4__Weeksellaceae;D_5__Cloacibacterium	0.9881970092345873
e83f8562f384e0eb6548409017011bdc	Unassigned	0.8887646980456653
08b284cc90b695fcd6a9ac222735239d	D_0__Bacteria;D_1__Firmicutes;D_2__Bacilli;D_3__Bacillales;D_4__Bacillaceae;D_5__Bacillus	0.8719064853003077
395da6037515555539c6569a45ae724c	D_0__Bacteria;D_1__Proteobacteria;D_2__Gammaproteobacteria;D_3__Pseudomonadales;D_4__Moraxellaceae;D_5__Acinetobacter	0.9999998786211064
d73f168046c445ce87c91d6b7dd0139e	D_0__Bacteria;D_1__Bacteroidetes;D_2__Bacteroidia;D_3__Bacteroidales;D_4__Bacteroidaceae;D_5__Bacteroides	0.9999999984870397
772183a74c9ebf96be198d483de62102	D_0__Bacteria;D_1__Bacteroidetes;D_2__Bacteroidia;D_3__Bacteroidales;D_4__Bacteroidaceae;D_5__Bacteroides	0.9999999998820058
1794ee47172cc8a4ad6c08511f92c6b9	D_0__Bacteria	0.9642914520900843
fe4edb1d075650365d52b16bb1dac8ab	D_0__Bacteria;D_1__Verrucomicrobia;D_2__Verrucomicrobiae;D_3__Verrucomicrobiales;D_4__Akkermansiaceae;D_5__Akkermansia;D_6__unidentified	0.800903520328422
f631223fcbf35f39e8694d35e6cdc802	D_0__Bacteria;D_1__Firmicutes;D_2__Bacilli;D_3__Bacillales;D_4__Bacillaceae;D_5__Bacillus	0.9997589594628831
df08ae7f70a312d91e4b4fe2a8f3015c	D_0__Bacteria;D_1__Actinobacteria;D_2__Actinobacteria;D_3__Micrococcales;D_4__Micrococcaceae;D_5__Micrococcus	0.9972044927828325
2760b24b444aaac9730a893e57c49b37	D_0__Bacteria;D_1__Actinobacteria;D_2__Actinobacteria;D_3__Micrococcales;D_4__Micrococcaceae;D_5__Micrococcus	0.9971844769729357
ac9621c158d7f2088db001d36336dde9	Unassigned	0.7871369680291436
17a3016756e5e4ef685081c457783361	D_0__Bacteria	0.9026458023861441
6ce066e062c7fa3e67f6a2b20842b2dc	D_0__Bacteria;D_1__Bacteroidetes;D_2__Bacteroidia;D_3__Bacteroidales;D_4__Bacteroidaceae;D_5__Bacteroides	0.9999999936703117
66da89d1fda4bf97516f65e325db7829	D_0__Bacteria;D_1__Firmicutes;D_2__Clostridia;D_3__Clostridiales;D_4__Lachnospiraceae;D_5__Lachnospiraceae NK4A136 group	0.7341660936340348
6109d5424be641f29ddaefdfb8f54da3	Unassigned	0.7871566886402008
db37988352f0600269c8b5ba1ba3024c	Unassigned	0.8565852986961076
8762168e9d99e4cb4d8180b723497f23	Unassigned	0.8708008062649676
40a0908dbb52eed5527cf01254b91f55	D_0__Bacteria;D_1__Bacteroidetes;D_2__Bacteroidia;D_3__Bacteroidales;D_4__Bacteroidaceae;D_5__Bacteroides	0.999999992777065
1ae522f7c361e9f9e7091ed535e08d45	D_0__Bacteria;D_1__Bacteroidetes;D_2__Bacteroidia;D_3__Bacteroidales;D_4__Bacteroidaceae;D_5__Bacteroides;D_6__bacterium NLAE-zl-H46	0.9191908494720233
bb8a9707d33f79898a954882d1b0e14f	D_0__Bacteria;D_1__Firmicutes;D_2__Bacilli;D_3__Bacillales;D_4__Staphylococcaceae;D_5__Staphylococcus	0.9999862114660292
4f9ad7d66298d733633fa66f1e71213b	D_0__Bacteria;D_1__Bacteroidetes;D_2__Bacteroidia;D_3__Bacteroidales;D_4__Bacteroidaceae;D_5__Bacteroides	0.9999999972644008
0d63d71a79e78bb95ab82f6c4b5da4ac	D_0__Bacteria;D_1__Proteobacteria;D_2__Gammaproteobacteria;D_3__Pseudomonadales;D_4__Moraxellaceae;D_5__Acinetobacter	0.9995799724795728
5d50e61797d295c09ad21c1cb4e392f0	Unassigned	0.7919128573764268
894b13815005d75e6129769169b618b6	D_0__Bacteria;D_1__Firmicutes;D_2__Bacilli;D_3__Bacillales;D_4__Bacillaceae;D_5__Bacillus	0.993667001584362
8d764ac49bb5e154fc1bee9520f89221	D_0__Bacteria;D_1__Bacteroidetes;D_2__Bacteroidia;D_3__Chitinophagales;D_4__Chitinophagaceae;D_5__Ferruginibacter	0.8716869915592664
50a014167d412048ee74f75e781a1cec	D_0__Bacteria	0.9259167040778609
43456847e927731b9fc879f48d2fea9e	D_0__Bacteria;D_1__Proteobacteria;D_2__Gammaproteobacteria;D_3__Pseudomonadales;D_4__Moraxellaceae;D_5__Acinetobacter;D_6__Acinetobacter indicus	0.8003478628340837
0fb7a97a9a4889e5864c170d47a86e6e	D_0__Bacteria;D_1__Bacteroidetes;D_2__Bacteroidia;D_3__Sphingobacteriales;D_4__Sphingobacteriaceae;D_5__Mucilaginibacter	0.9997682247052329
f935c7b76d9678b0a312babea54d3c3b	D_0__Bacteria;D_1__Bacteroidetes;D_2__Bacteroidia;D_3__Bacteroidales;D_4__Bacteroidaceae;D_5__Bacteroides	0.9999999988129379
889ec2e1f03a945a15b3a6424e3c358e	Unassigned	0.840449898450008
b64fd505a2f209a50cd9006424871a30	D_0__Bacteria;D_1__Proteobacteria;D_2__Gammaproteobacteria;D_3__Enterobacteriales;D_4__Enterobacteriaceae	0.9997601662888191
afea33b290e2229ae01e9b61a6b4d904	D_0__Bacteria;D_1__Bacteroidetes;D_2__Bacteroidia;D_3__Bacteroidales;D_4__Prevotellaceae;D_5__Alloprevotella;D_6__gut metagenome	0.9982725016603109
ad477881410a8f7f191d53c98570db4d	D_0__Bacteria;D_1__Bacteroidetes;D_2__Bacteroidia;D_3__Bacteroidales;D_4__Bacteroidaceae;D_5__Bacteroides	0.9999999454637531
6c7a50838e66f804ffb316c1e5986abe	D_0__Bacteria;D_1__Firmicutes;D_2__Bacilli;D_3__Bacillales;D_4__Bacillaceae;D_5__Bacillus	0.9928443573311337
e013b905e795fdcc083ffd8db9fa7cb2	D_0__Bacteria;D_1__Bacteroidetes;D_2__Bacteroidia;D_3__Bacteroidales;D_4__Bacteroidaceae;D_5__Bacteroides	0.9999999979736677
358bb591de17f6d639eb8e0e8852faf0	D_0__Bacteria;D_1__Proteobacteria;D_2__Gammaproteobacteria;D_3__Betaproteobacteriales;D_4__Burkholderiaceae;D_5__Parasutterella;D_6__uncultured organism	0.7418487639211714
48f47b0216d016c6014b9ff6e6066dca	D_0__Bacteria;D_1__Fusobacteria;D_2__Fusobacteriia;D_3__Fusobacteriales;D_4__Fusobacteriaceae;D_5__Fusobacterium	0.9999999999116873
977f0ecdccf0178d2abf93b3fb9dea61	D_0__Bacteria;D_1__Bacteroidetes;D_2__Bacteroidia;D_3__Bacteroidales;D_4__Bacteroidaceae;D_5__Bacteroides	0.9999999980978923
25870c37a577f365504cff8a31a5e170	D_0__Bacteria;D_1__Epsilonbacteraeota;D_2__Campylobacteria;D_3__Campylobacterales;D_4__Helicobacteraceae;D_5__Helicobacter;D_6__Helicobacter sp. MIT 03-1616	0.8284236169971471
d1b3e5525a4c7fb9f731cfad0d1c8055	Unassigned	0.7132836096965458
8d220048e350e437927253f01a6986b7	D_0__Bacteria;D_1__Bacteroidetes;D_2__Bacteroidia;D_3__Flavobacteriales;D_4__Flavobacteriaceae;D_5__Flavobacterium	0.9999998174368422
430bbf9594aa6de2c632c2d34ac3ada1	D_0__Bacteria;D_1__Proteobacteria;D_2__Gammaproteobacteria;D_3__Betaproteobacteriales;D_4__Burkholderiaceae;D_5__Ralstonia;D_6__Ralstonia pickettii	0.8671037320612132
a2bb57adb455b161478a2ace1e843e14	D_0__Bacteria;D_1__Firmicutes;D_2__Bacilli;D_3__Lactobacillales;D_4__Lactobacillaceae;D_5__Lactobacillus	0.9999981418520286
7b8a92083be2df65238c9c582b029e0c	Unassigned	0.8964458143865888
d75d23fea01bb88f0566d098158622a4	D_0__Bacteria;D_1__Proteobacteria;D_2__Gammaproteobacteria;D_3__Betaproteobacteriales;D_4__Burkholderiaceae;D_5__Burkholderia-Caballeronia-Paraburkholderia	0.9744146389243752
0d16cd32fa68385340e879902ba285bf	D_0__Bacteria;D_1__Firmicutes;D_2__Clostridia;D_3__Clostridiales;D_4__Lachnospiraceae;D_5__Blautia	0.9999997054818767
0393d6515236ba8386c64d91536930e7	D_0__Bacteria;D_1__Firmicutes;D_2__Clostridia;D_3__Clostridiales;D_4__Lachnospiraceae;D_5__Lachnospiraceae NK4A136 group;D_6__uncultured Clostridiales bacterium	0.9333241551562581
84497aaf5f18bcccca05ed8c85cf5c4a	D_0__Bacteria;D_1__Bacteroidetes;D_2__Bacteroidia;D_3__Bacteroidales;D_4__Bacteroidaceae;D_5__Bacteroides	0.9999999443405424
424c9e1ef7384bef7679d0c6425b2bd6	D_0__Bacteria;D_1__Bacteroidetes;D_2__Bacteroidia;D_3__Bacteroidales;D_4__Prevotellaceae;D_5__Prevotellaceae UCG-001;D_6__uncultured Bacteroidales bacterium	0.9603201135882079
5339847a92dfebd579dd794da3c08779	Unassigned	0.6133256518484953
1c8d5717456cf60881d1826a3380e16c	D_0__Bacteria;D_1__Firmicutes;D_2__Bacilli;D_3__Bacillales;D_4__Staphylococcaceae;D_5__Staphylococcus	0.9999819246529276
f4245ca57855e449c68bd1f6a92ef96f	D_0__Bacteria;D_1__Bacteroidetes;D_2__Bacteroidia;D_3__Bacteroidales;D_4__Muribaculaceae;D_5__uncultured bacterium;D_6__uncultured bacterium	0.8995926377971565
083bab81284862b2fcb75599551bef37	D_0__Bacteria;D_1__Bacteroidetes;D_2__Bacteroidia;D_3__Bacteroidales;D_4__Muribaculaceae;D_5__uncultured bacterium;D_6__uncultured bacterium	0.9651654691963754
faad2bc60f6df5dce1b0d4a1202442be	Unassigned	0.5955334522714302
0296c4e8ecd66463c82e6d5267dd8ae3	Unassigned	0.8217052435050138
3a4cc976e7d2d2162a607daa204f6685	D_0__Bacteria;D_1__Proteobacteria;D_2__Gammaproteobacteria;D_3__Pseudomonadales;D_4__Moraxellaceae;D_5__Acinetobacter	0.9993457160457035
3cd303c161152a09d9084fdf76195941	D_0__Bacteria;D_1__Deferribacteres;D_2__Deferribacteres;D_3__Deferribacterales;D_4__Deferribacteraceae;D_5__Mucispirillum;D_6__Mucispirillum schaedleri ASF457	0.8757728007930491
d433d66996c65e3c0a3b4428779b7e47	D_0__Bacteria;D_1__Proteobacteria;D_2__Gammaproteobacteria;D_3__Alteromonadales;D_4__Shewanellaceae;D_5__Shewanella	0.9999788608635536
191d4cb73f58c437f5bc65e1a0c34f1a	D_0__Bacteria;D_1__Proteobacteria;D_2__Alphaproteobacteria;D_3__Caulobacterales;D_4__Caulobacteraceae;D_5__Brevundimonas	0.9423696559121038
9a131467f2991b843ecae33c3760b9ab	Unassigned	0.8571003955620973
c2688372a48e9117bf4969f5fb13a97f	Unassigned	0.6012398963423427
38b728a53c9970a190a8547efddbcee6	Unassigned	0.8999968455436227
f2a7fe6df1b7d33352ea7e48c3f94bbf	D_0__Bacteria;D_1__Firmicutes;D_2__Bacilli;D_3__Lactobacillales;D_4__Streptococcaceae;D_5__Lactococcus	0.9999986600277143
ff377bf448579f20ed5c9fcbd2b62bf5	D_0__Bacteria;D_1__Bacteroidetes;D_2__Bacteroidia;D_3__Bacteroidales;D_4__Muribaculaceae;D_5__uncultured bacterium;D_6__uncultured bacterium	0.9635227309770825
c3c872d4606e2e1d7b5b221b7ae7652b	D_0__Bacteria;D_1__Bacteroidetes;D_2__Bacteroidia;D_3__Bacteroidales;D_4__Bacteroidaceae;D_5__Bacteroides	0.9999999990879361
d58438b7955542d6a6e6f9fb3a607aa0	Unassigned	0.8343564539389914
410a6ca0d3c2066b4bb29dd0964129f3	D_0__Bacteria	0.9086611180522847
e49c46afa37d4e3a5315fe3c80972678	D_0__Bacteria	0.9455980919552813
25fa82d6c4757cf88f9865e01e203e9c	Unassigned	0.6628147208898849
01aa813a4ee64c7277c346f108479043	D_0__Bacteria;D_1__Verrucomicrobia;D_2__Verrucomicrobiae;D_3__Chthoniobacterales;D_4__Chthoniobacteraceae;D_5__Candidatus Udaeobacter	0.9999999603925909
60a0fc2de6708ffd3f18a02182d85f99	D_0__Bacteria;D_1__Firmicutes;D_2__Clostridia;D_3__Clostridiales;D_4__Ruminococcaceae;D_5__[Eubacterium] coprostanoligenes group	0.9999916768955185
64ddf32fc38f6ea6531f6e1aa8aad685	D_0__Bacteria	0.7611818784068601
de4712aecfe64c408d8e3bb141177252	Unassigned	0.8668439255965262
53fef383f0c68d779f039c250a3dbf7b	D_0__Bacteria;D_1__Proteobacteria;D_2__Gammaproteobacteria;D_3__Betaproteobacteriales;D_4__Burkholderiaceae;D_5__Ramlibacter	0.8477529264284488
fc00e0833241c56dd7fa7496a24381ef	D_0__Bacteria;D_1__Firmicutes;D_2__Clostridia;D_3__Clostridiales;D_4__Peptococcaceae;D_5__uncultured;D_6__uncultured organism	0.9999277016115341
d920d2ea5271700f100f7d87ad29fca0	D_0__Bacteria;D_1__Firmicutes;D_2__Bacilli;D_3__Lactobacillales;D_4__Enterococcaceae;D_5__Enterococcus	0.9668792986230285
32c87c9870842f178bb4431340eaeceb	D_0__Bacteria;D_1__Firmicutes;D_2__Bacilli;D_3__Bacillales;D_4__Planococcaceae;D_5__Lysinibacillus	0.9888861463879294
755830e5c85696b6393acbbfad8560d6	D_0__Bacteria;D_1__Proteobacteria;D_2__Gammaproteobacteria;D_3__Pseudomonadales;D_4__Moraxellaceae;D_5__Acinetobacter	0.9983131021397578
2a26c4dbbe78cc1d46858b445f3a6e6b	Unassigned	0.9002137366706884
9913a3be6f06f108f3ee804527314a3b	D_0__Bacteria;D_1__Proteobacteria;D_2__Gammaproteobacteria;D_3__Enterobacteriales;D_4__Enterobacteriaceae;D_5__Escherichia-Shigella	0.9609773520130793
f6728edebb838dd38d9786f24d042f03	D_0__Bacteria;D_1__Proteobacteria;D_2__Gammaproteobacteria;D_3__Betaproteobacteriales;D_4__Burkholderiaceae	0.9999803386774535
8a978a3c8a38a7f5da097e0af7ce3e1c	D_0__Bacteria;D_1__Patescibacteria;D_2__Saccharimonadia;D_3__Saccharimonadales	0.9999999953761569
e36512be495778548ee442c4273e478d	D_0__Bacteria	0.7658583246800819
d139a6e2846508270ec35d542658facb	Unassigned	0.6670392421191871
2cbbb4929cc691a19cea3b6bacadc331	Unassigned	0.8602896790178988
746f9077d4642f24a388c1e5e77fbb45	Unassigned	0.7778718621576097
dd7f51c6f3cde6fe9205e9f14d47b2e1	D_0__Bacteria;D_1__Chloroflexi;D_2__KD4-96;D_3__uncultured Chloroflexi bacterium;D_4__uncultured Chloroflexi bacterium;D_5__uncultured Chloroflexi bacterium;D_6__uncultured Chloroflexi bacterium	0.7542582444282496
af5e00048eab729a282a9e5279f9ee2a	Unassigned	0.8999670043186294
beaabcdf2f60e472d5b69ae037c958e4	D_0__Bacteria;D_1__Actinobacteria;D_2__Actinobacteria;D_3__Corynebacteriales;D_4__Corynebacteriaceae;D_5__Corynebacterium 1	0.8103053825675494
6828b2f7d89fb90cd3f4f643fdf778dc	D_0__Bacteria	0.8488100173550792
19796ae5a946758c48ff76b728f7090c	D_0__Bacteria;D_1__Bacteroidetes;D_2__Bacteroidia;D_3__Bacteroidales;D_4__Tannerellaceae;D_5__Parabacteroides	0.9999999976645824
9f0f5e5dbcf1bc28a3dd6a1445946bfe	D_0__Bacteria	0.7110008686944403
d82786ea3ce00abc1c54ba4ed7339b62	D_0__Bacteria;D_1__Firmicutes;D_2__Bacilli;D_3__Lactobacillales;D_4__Streptococcaceae;D_5__Streptococcus	0.9979001031160883
1b30416fb4ff9bb4944a46ba3bab60c3	D_0__Bacteria;D_1__Bacteroidetes;D_2__Bacteroidia;D_3__Flavobacteriales;D_4__Weeksellaceae;D_5__Chryseobacterium	0.9999843492519507
b7ccaf07cb50da669942cb79aaf1663a	D_0__Bacteria	0.878840425078237
62fb59830c9017321264c9f2024d3022	D_0__Bacteria;D_1__Bacteroidetes;D_2__Bacteroidia;D_3__Bacteroidales;D_4__Tannerellaceae;D_5__Parabacteroides	0.9999882663671299
0da66f27ec1be058f475a8d705683d15	D_0__Bacteria;D_1__Proteobacteria;D_2__Alphaproteobacteria;D_3__SAR11 clade;D_4__Clade III;D_5__uncultured bacterium;D_6__uncultured bacterium	0.9999083565709503
5f47a71c22488266e5bf43b4added981	D_0__Bacteria;D_1__Firmicutes;D_2__Clostridia;D_3__Clostridiales;D_4__Ruminococcaceae;D_5__Oscillibacter;D_6__unidentified	0.976267523314611
d338b027df23ad8c9225f74500de0c8f	D_0__Bacteria;D_1__Proteobacteria;D_2__Gammaproteobacteria;D_3__Betaproteobacteriales;D_4__Hydrogenophilaceae;D_5__Tepidiphilus	0.9987045201144453
b23a63a628803473eb3e6fd54a2f2d35	D_0__Bacteria	0.9330807701642052
7a688c60385c6818af59942c27340cc1	D_0__Bacteria;D_1__Cyanobacteria;D_2__Oxyphotobacteria;D_3__Chloroplast	0.9999999999999891
818d358283e3404da08afbc98df01b67	D_0__Bacteria;D_1__Proteobacteria;D_2__Alphaproteobacteria;D_3__Rhodobacterales;D_4__Rhodobacteraceae	0.9996068476588827
575af7b314c648370c755d761f83896f	D_0__Bacteria;D_1__Patescibacteria;D_2__Saccharimonadia;D_3__Saccharimonadales;D_4__Saccharimonadaceae	0.759595581847427
754018e2d6cf15fd0a2facff9a2c1238	Unassigned	0.5164321867529524
ddb99944511e3367fc608559e06ac00e	D_0__Bacteria	0.8300301373519271
f78cc7f7760af4b14714ac52c94653bc	D_0__Bacteria;D_1__Actinobacteria;D_2__Actinobacteria;D_3__Bifidobacteriales;D_4__Bifidobacteriaceae;D_5__Bifidobacterium;D_6__Bifidobacterium psychraerophilum DSM 22366	0.8286376223743672
c8b68f7a92642d275810e6c6367a808e	D_0__Bacteria;D_1__Bacteroidetes;D_2__Bacteroidia;D_3__Bacteroidales;D_4__Bacteroidaceae;D_5__Bacteroides;D_6__Bacteroides massiliensis B84634 = Timone 84634 = DSM 17679 = JCM 13223	0.987481474658779
88102669f67ed8611f26d5251bfcf020	D_0__Bacteria;D_1__Bacteroidetes;D_2__Bacteroidia;D_3__Bacteroidales;D_4__Prevotellaceae;D_5__Prevotellaceae UCG-001;D_6__uncultured Bacteroidales bacterium	0.9743245678637359
d4d999d816365b5e7e26f29e1b3961c1	D_0__Bacteria;D_1__Proteobacteria;D_2__Gammaproteobacteria;D_3__Pseudomonadales;D_4__Pseudomonadaceae;D_5__Pseudomonas	0.996930099861046
85921dc72dfa6f55d132e1ad8f1c6efd	D_0__Bacteria;D_1__Bacteroidetes;D_2__Bacteroidia;D_3__Bacteroidales;D_4__Rikenellaceae;D_5__Rikenella;D_6__uncultured bacterium	0.9999992720334013
ad236061604034d3f5e9de1a5e5312d3	D_0__Bacteria;D_1__Proteobacteria;D_2__Gammaproteobacteria;D_3__Betaproteobacteriales;D_4__Burkholderiaceae;D_5__Cupriavidus	0.9504714286450213
5bba14c71929772221d5ba7097881db6	D_0__Bacteria;D_1__Actinobacteria;D_2__Actinobacteria;D_3__Propionibacteriales;D_4__Propionibacteriaceae;D_5__Cutibacterium	0.9998657957379172
27725c89e6db9a8f3ae613b7a97c150f	D_0__Bacteria;D_1__Proteobacteria;D_2__Gammaproteobacteria;D_3__Enterobacteriales;D_4__Enterobacteriaceae;D_5__Proteus	0.943608603965226
769b466215a816461250676a92f11745	D_0__Bacteria;D_1__Proteobacteria;D_2__Alphaproteobacteria;D_3__Sphingomonadales;D_4__Sphingomonadaceae;D_5__Sphingomonas	0.9773817214936198
d41e5323c36224f92331207d516623ab	D_0__Bacteria;D_1__Verrucomicrobia;D_2__Verrucomicrobiae;D_3__Methylacidiphilales;D_4__Methylacidiphilaceae;D_5__uncultured;D_6__marine metagenome	0.9988685821708129
51e7ef84c837771e717528419fd8608d	D_0__Bacteria;D_1__Proteobacteria;D_2__Gammaproteobacteria;D_3__Pseudomonadales;D_4__Moraxellaceae;D_5__Acinetobacter	0.9992033210834141
34b0839a75cd6191f94f2193bfc15960	D_0__Bacteria;D_1__Bacteroidetes;D_2__Bacteroidia;D_3__Bacteroidales;D_4__Bacteroidaceae;D_5__Bacteroides	0.999999998952209
651cbc436137096b9821029dd347631d	Unassigned	0.879841860555013
f776f17911efdc448a9e560cb6c96d84	D_0__Bacteria;D_1__Proteobacteria;D_2__Gammaproteobacteria;D_3__Enterobacteriales;D_4__Enterobacteriaceae	0.9997780550563216
97e0585fc64c41f405d7c9b59fc192fd	D_0__Bacteria;D_1__Actinobacteria;D_2__Actinobacteria;D_3__Propionibacteriales;D_4__Propionibacteriaceae;D_5__Cutibacterium	0.9998726392930222
f54fd8b9d401ced106f5c7f2577bb519	D_0__Bacteria;D_1__Bacteroidetes;D_2__Bacteroidia;D_3__Bacteroidales;D_4__Muribaculaceae;D_5__uncultured bacterium;D_6__uncultured bacterium	0.857244278249371
9e3887432259778d4147b3ce965a4a2a	D_0__Bacteria;D_1__Firmicutes;D_2__Clostridia;D_3__Clostridiales;D_4__Lachnospiraceae;D_5__Lachnoclostridium 5	0.8007942994174101
3022820e542139cc50a6411976c1c665	D_0__Bacteria;D_1__Proteobacteria;D_2__Gammaproteobacteria;D_3__Enterobacteriales;D_4__Enterobacteriaceae	0.9909865746271341
6817c7fb4fdaf189a7e83c32c06a82f4	D_0__Bacteria;D_1__Proteobacteria;D_2__Alphaproteobacteria;D_3__Rickettsiales;D_4__Mitochondria	0.9999893418687847
e83e79899b2e28ca0af20d44c93333cf	D_0__Bacteria;D_1__Actinobacteria;D_2__Actinobacteria;D_3__Micrococcales;D_4__Microbacteriaceae;D_5__uncultured bacterium;D_6__uncultured bacterium	0.7313008257040561
34258d134f76bb7ab8f4e93690cc2a5f	D_0__Bacteria;D_1__Proteobacteria;D_2__Gammaproteobacteria;D_3__Pseudomonadales;D_4__Moraxellaceae;D_5__Enhydrobacter	0.999999976447558
3ceead6e1dfc0efd032714677bac7eac	D_0__Bacteria;D_1__Proteobacteria;D_2__Gammaproteobacteria;D_3__Betaproteobacteriales;D_4__Burkholderiaceae	0.9999904769488822
8f7e1d5278cfd066ab5f069780eee83d	D_0__Bacteria;D_1__Actinobacteria;D_2__Actinobacteria;D_3__Micrococcales;D_4__Microbacteriaceae;D_5__uncultured bacterium;D_6__uncultured bacterium	0.7424940142196559
b6df8da2a103da8ef311729a0f889dbd	D_0__Bacteria;D_1__Proteobacteria;D_2__Gammaproteobacteria;D_3__Betaproteobacteriales;D_4__Burkholderiaceae;D_5__Tepidimonas;D_6__Tepidimonas fonticaldi	0.7983420464577899
19d73042bac7ee0b109ab1aae60d0659	D_0__Bacteria;D_1__Actinobacteria;D_2__Actinobacteria;D_3__Micrococcales;D_4__Micrococcaceae;D_5__Kocuria	0.9793013323152236
91cfc1f80c09b68e62dd62631f2924a3	D_0__Bacteria;D_1__Cyanobacteria;D_2__Oxyphotobacteria;D_3__Chloroplast	0.999999999999768
51b57e5b685f3827cc37a4a92224b068	D_0__Bacteria;D_1__Firmicutes;D_2__Bacilli;D_3__Bacillales;D_4__Paenibacillaceae;D_5__Paenibacillus	0.9999905040395849
6c4f364fb0d7d59a35cc38f689e902c2	D_0__Bacteria;D_1__Actinobacteria;D_2__Actinobacteria;D_3__Micrococcales;D_4__Microbacteriaceae;D_5__uncultured bacterium;D_6__uncultured bacterium	0.7306303539029183
ee52dc35aa72cfe57d2371ebb35bbe23	D_0__Bacteria;D_1__Firmicutes;D_2__Bacilli;D_3__Bacillales;D_4__Bacillaceae;D_5__Bacillus	0.993096321962489
4238ffc791ea5d6d4d88ebd2c1487dfc	Unassigned	0.7230588938389932
a80de30b6d51d5772392f762efea6577	D_0__Archaea;D_1__Euryarchaeota;D_2__Methanobacteria;D_3__Methanobacteriales;D_4__Methanobacteriaceae;D_5__Methanobrevibacter	0.9537833804729968
31c289176cec20031daddc29621b138d	D_0__Bacteria;D_1__Firmicutes;D_2__Bacilli;D_3__Bacillales;D_4__Bacillaceae;D_5__Bacillus	0.9928481876065448
69a6fa0bffcf1170bc6c4c629e922a4e	D_0__Bacteria;D_1__Bacteroidetes;D_2__Bacteroidia;D_3__Bacteroidales;D_4__Rikenellaceae;D_5__Alistipes;D_6__Alistipes sp. AL-1	0.8233657403119731
68ce67e60e7af03fdcc48805accaff05	D_0__Bacteria;D_1__Firmicutes;D_2__Clostridia;D_3__Clostridiales;D_4__Peptostreptococcaceae;D_5__Romboutsia	0.708213977067519
c1b097be92ccb86da7c36b2ffa377c29	D_0__Bacteria;D_1__Proteobacteria;D_2__Gammaproteobacteria;D_3__Betaproteobacteriales;D_4__Burkholderiaceae;D_5__Parasutterella;D_6__uncultured bacterium	0.9990650419937139
6f778ceaa5fe5946932847034960d0eb	D_0__Bacteria;D_1__Patescibacteria;D_2__Saccharimonadia;D_3__Saccharimonadales;D_4__Saccharimonadaceae;D_5__TM7 phylum sp. oral clone DR034;D_6__TM7 phylum sp. oral clone DR034	0.9763335975890377
225f2216b71df41fb69e687bc3abc00f	D_0__Bacteria;D_1__Proteobacteria;D_2__Gammaproteobacteria;D_3__Xanthomonadales;D_4__Rhodanobacteraceae;D_5__Dyella	0.8823198392549009
e8bfc6d36ce645f4bffd011bcc1d34a4	D_0__Bacteria;D_1__Proteobacteria;D_2__Alphaproteobacteria;D_3__Rhizobiales;D_4__Rhizobiaceae;D_5__Ochrobactrum	0.7897215865108221
22b97c4b009c1ac8f3b2668ec4b1a61d	D_0__Bacteria;D_1__Firmicutes;D_2__Bacilli;D_3__Lactobacillales;D_4__Lactobacillaceae;D_5__Lactobacillus	0.9777313650015195
f6092cf37a7f6664b901d59cbad9f669	D_0__Bacteria;D_1__Fusobacteria;D_2__Fusobacteriia;D_3__Fusobacteriales;D_4__Leptotrichiaceae;D_5__Leptotrichia;D_6__Leptotrichia sp. oral clone FP036	0.8621677324341073
0e265dce1f9e72f26ecb2f43f1d8d11c	Unassigned	0.8959353021386054
fe0e7dccf06f9943fd2d70c6b4b1f26b	D_0__Bacteria;D_1__Actinobacteria;D_2__Actinobacteria;D_3__Micrococcales;D_4__Promicromonosporaceae	0.8548567484237344
23a577323206ae1c3f6e61c6effb37c1	D_0__Bacteria;D_1__Proteobacteria;D_2__Gammaproteobacteria;D_3__Betaproteobacteriales;D_4__Burkholderiaceae;D_5__Bordetella;D_6__Bordetella sp. M1-6	0.7819712060244153
3b2d4cd03ab99c4a1e3ae6697e484658	D_0__Bacteria;D_1__Firmicutes;D_2__Clostridia;D_3__Clostridiales;D_4__Lachnospiraceae;D_5__A2	0.967716626383458
7b77c2c4d244237c816bbfda20bdf175	D_0__Bacteria;D_1__Proteobacteria;D_2__Alphaproteobacteria;D_3__Acetobacterales;D_4__Acetobacteraceae;D_5__Acetobacter	0.9959530745992334
e6295475c8ac2229a92578bc158f846e	D_0__Bacteria;D_1__Proteobacteria;D_2__Alphaproteobacteria;D_3__Acetobacterales;D_4__Acetobacteraceae;D_5__Acetobacter	0.9963561316006003
2bcdd0151826b6987c37b2e3601d24eb	D_0__Bacteria;D_1__Firmicutes;D_2__Bacilli;D_3__Lactobacillales;D_4__Streptococcaceae;D_5__Streptococcus	0.9999999230870973
cc2289be9336f046e89c921c4d748c73	D_0__Bacteria	0.9478189270701395
ff577d77d8a83f25e3fb054bf246d0fb	Unassigned	0.9506085316980406
e3bcdb09e2bca9dc29d41e5915a2f3a4	D_0__Bacteria;D_1__Proteobacteria;D_2__Gammaproteobacteria;D_3__Betaproteobacteriales;D_4__Burkholderiaceae;D_5__Limnobacter;D_6__bacterium Ellin5074	0.9636735994159461
05107607b9569ad123f853e89a846b8f	D_0__Bacteria;D_1__Actinobacteria;D_2__Actinobacteria;D_3__Micrococcales;D_4__Micrococcaceae;D_5__Rothia;D_6__unidentified	0.882193011491535
fa3702e6a1e1df6a95ae289d0a363719	Unassigned	0.8644509973523888
a339443ba29a208f9944622499b14119	D_0__Bacteria;D_1__Proteobacteria;D_2__Gammaproteobacteria;D_3__Enterobacteriales;D_4__Enterobacteriaceae;D_5__Escherichia-Shigella	0.8233073361112274
fada635f9276f7e05f745db907964216	D_0__Bacteria;D_1__Actinobacteria;D_2__Actinobacteria;D_3__Propionibacteriales;D_4__Propionibacteriaceae;D_5__Cutibacterium	0.9998425524858308
5c08c4b3d9a4dcfcb2420a62385e6caf	D_0__Archaea;D_1__Euryarchaeota;D_2__Methanobacteria;D_3__Methanobacteriales;D_4__Methanobacteriaceae;D_5__Methanobrevibacter	0.9539100939416963
73eed8218dc9e8e6933e02f8cedc791a	D_0__Bacteria;D_1__Cyanobacteria;D_2__Oxyphotobacteria;D_3__Chloroplast	0.9999999997559723
06e8dc141dea671d321d0127b3cdadee	D_0__Bacteria;D_1__Actinobacteria;D_2__Thermoleophilia;D_3__Gaiellales;D_4__uncultured;D_5__uncultured bacterium 5G12;D_6__uncultured bacterium 5G12	0.9783139044244302
6c5d1b7e21b732fb179c41cbba1fc884	D_0__Bacteria;D_1__Bacteroidetes;D_2__Bacteroidia;D_3__Bacteroidales;D_4__Prevotellaceae;D_5__Alloprevotella;D_6__gut metagenome	0.9981809280259226
f84e9803a2ffbfdc120e883b1925792e	D_0__Bacteria;D_1__Proteobacteria;D_2__Deltaproteobacteria;D_3__Desulfovibrionales;D_4__Desulfovibrionaceae;D_5__Desulfovibrio;D_6__gut metagenome	0.7962035421833981
1d80402c5c6847ac84a43527a0fbdc58	D_0__Bacteria;D_1__Bacteroidetes;D_2__Bacteroidia;D_3__Bacteroidales;D_4__Marinifilaceae;D_5__Odoribacter;D_6__uncultured bacterium	0.9999728936501574
cc90a31a038de5008ad426ff1bd8ca6d	D_0__Bacteria;D_1__Bacteroidetes;D_2__Bacteroidia;D_3__Bacteroidales;D_4__Bacteroidaceae;D_5__Bacteroides	0.9999999998878013
94ad1062610dfd298a0cb426cee52250	D_0__Bacteria;D_1__Proteobacteria;D_2__Alphaproteobacteria;D_3__Rickettsiales;D_4__Mitochondria	0.9997295574949897
edd4e4eeda038908dd4f0ca02651fe65	D_0__Bacteria	0.9219873858969633
3618162d1616d972cb18854200d8a3e5	D_0__Bacteria;D_1__Proteobacteria;D_2__Gammaproteobacteria;D_3__Pseudomonadales;D_4__Pseudomonadaceae;D_5__Pseudomonas	0.9994281486135664
13c096c9c894fc45ee330e9185211b00	D_0__Bacteria;D_1__Proteobacteria;D_2__Gammaproteobacteria;D_3__Enterobacteriales;D_4__Enterobacteriaceae;D_5__Escherichia-Shigella	0.9588111085935295
1e8a34eeea71515d7b0d716f07f820ed	D_0__Bacteria;D_1__Proteobacteria;D_2__Alphaproteobacteria;D_3__Caulobacterales;D_4__Caulobacteraceae;D_5__Brevundimonas	0.9423936185745685
c222a846371e08b4d634d83ce7102860	D_0__Bacteria;D_1__Actinobacteria;D_2__Actinobacteria;D_3__Corynebacteriales;D_4__Corynebacteriaceae;D_5__Corynebacterium 1;D_6__Corynebacterium kroppenstedtii	0.9965189749516645
39c91d81e0ba2e37ef4113b7354a10d5	Unassigned	0.3163878243400705
032e95f99a5638ffb73574c69028afe5	D_0__Bacteria;D_1__Acidobacteria;D_2__Blastocatellia (Subgroup 4);D_3__Pyrinomonadales;D_4__Pyrinomonadaceae;D_5__RB41	0.9931373592841882
9b17ba0671ecdd4ca27802197f8a4975	D_0__Bacteria;D_1__Proteobacteria;D_2__Alphaproteobacteria;D_3__Rickettsiales;D_4__Mitochondria	0.993274432078145
f7a76febe806608b778d94a5ee53b648	D_0__Bacteria;D_1__Proteobacteria;D_2__Alphaproteobacteria;D_3__Sphingomonadales;D_4__Sphingomonadaceae;D_5__Sphingomonas	0.8893594645997063
3cc30932a46c929d53ce8c3971929e0e	D_0__Bacteria;D_1__Firmicutes;D_2__Clostridia;D_3__Clostridiales;D_4__Ruminococcaceae;D_5__UBA1819	0.9998125344190952
d15d7066d95f44a8c92316857ae716b5	D_0__Bacteria;D_1__Actinobacteria;D_2__Actinobacteria;D_3__Micrococcales;D_4__Microbacteriaceae;D_5__uncultured bacterium;D_6__uncultured bacterium	0.7313065580144801
72b6a357cb828283466da31e6e8829fd	D_0__Bacteria;D_1__Firmicutes;D_2__Clostridia;D_3__Clostridiales;D_4__Ruminococcaceae;D_5__Ruminococcaceae UCG-013	0.9887509303237472
facc141b64e82fb7fba091e90de8b94a	D_0__Bacteria;D_1__Epsilonbacteraeota;D_2__Campylobacteria;D_3__Campylobacterales;D_4__Helicobacteraceae;D_5__Helicobacter	0.9999999980195781
e93d99bb4b707cc778350495125dbe3e	D_0__Bacteria;D_1__Epsilonbacteraeota;D_2__Campylobacteria;D_3__Campylobacterales;D_4__Helicobacteraceae;D_5__Helicobacter	0.9999999779401796
2b0550005fd9cd520f02df07a2e74dcf	D_0__Bacteria;D_1__Bacteroidetes;D_2__Bacteroidia;D_3__Bacteroidales;D_4__Tannerellaceae;D_5__Parabacteroides	0.999999997546961
ec61bcad6b54897b47b729f5872e7f2f	D_0__Bacteria;D_1__Proteobacteria;D_2__Alphaproteobacteria;D_3__Rickettsiales;D_4__Mitochondria;D_5__Berkeleya fennica;D_6__Berkeleya fennica	0.9998145185799703
b3dc04a805a565e5b23aca32325b43f6	D_0__Bacteria;D_1__Cyanobacteria;D_2__Oxyphotobacteria;D_3__Leptolyngbyales;D_4__Leptolyngbyaceae;D_5__uncultured;D_6__uncultured Oscillatoriales cyanobacterium	0.8049871984770269
75021352aa209e20232585f6b349b2e7	Unassigned	0.7366290243615018
52e03ed023c2eb7742b66a13872ab90a	Unassigned	0.9160687777509146
4f28a3eb63d24ddfbc0093905ad25a23	D_0__Bacteria;D_1__Proteobacteria;D_2__Gammaproteobacteria;D_3__Betaproteobacteriales;D_4__Burkholderiaceae;D_5__Burkholderia-Caballeronia-Paraburkholderia	0.9752653168996366
b7853429590c5b2d69b906cf0a9d75fc	D_0__Bacteria;D_1__Proteobacteria;D_2__Gammaproteobacteria;D_3__Pseudomonadales;D_4__Pseudomonadaceae;D_5__Pseudomonas	0.9995676120893968
052aa2128ebd293327b3bcd09f6c4f3d	D_0__Bacteria;D_1__Firmicutes;D_2__Bacilli;D_3__Bacillales;D_4__Family XI;D_5__Gemella	0.9999582820327461
34fcb7a6681034a74c957d068e26a533	D_0__Bacteria;D_1__Actinobacteria;D_2__Actinobacteria;D_3__Corynebacteriales;D_4__Corynebacteriaceae;D_5__Lawsonella	0.9999991647294388
b056a82701db900af30914a0b72dbc1d	Unassigned	0.7641871124416463
a33f6b89c83866d64b7336d347418b9b	D_0__Bacteria;D_1__Epsilonbacteraeota;D_2__Campylobacteria;D_3__Campylobacterales;D_4__Helicobacteraceae;D_5__Helicobacter	0.9999999978575644
e098ac5cd1565a48800ae8e9844b9f41	D_0__Bacteria;D_1__Verrucomicrobia;D_2__Verrucomicrobiae;D_3__Chthoniobacterales;D_4__Xiphinematobacteraceae;D_5__Candidatus Xiphinematobacter;D_6__uncultured Xiphinematobacteriaceae bacterium	0.9915625687637624
d16d6343884a14260d8211caca8ebf50	D_0__Bacteria;D_1__Fusobacteria;D_2__Fusobacteriia;D_3__Fusobacteriales;D_4__Fusobacteriaceae;D_5__Fusobacterium	0.9999999996520952
c49f005f8f475c9010eb77fc46813950	D_0__Bacteria;D_1__Firmicutes;D_2__Bacilli;D_3__Bacillales;D_4__Bacillaceae	0.9721394567535443
482bc33d5cc3cff67d9c991beccf0d56	Unassigned	0.8766328077241847
ac1c022de0a81c726172c203eb310491	D_0__Bacteria;D_1__Verrucomicrobia;D_2__Verrucomicrobiae;D_3__Chthoniobacterales;D_4__Xiphinematobacteraceae;D_5__Candidatus Xiphinematobacter;D_6__uncultured Xiphinematobacteriaceae bacterium	0.9971208090754761
1b694c6f84f0084e1ae9c3daae94523e	D_0__Bacteria;D_1__Proteobacteria;D_2__Gammaproteobacteria	0.8542057771415487
4d7f477fcf42c5ed77b4d9c28f6fd5a2	D_0__Bacteria;D_1__Cyanobacteria;D_2__Oxyphotobacteria;D_3__Chloroplast;D_4__Synedra hyperborea;D_5__Synedra hyperborea;D_6__Synedra hyperborea	0.7537371613047875
72f8bf7690800e9807f08f0d73463b2c	Unassigned	0.6683963660073764
7e2665cb299c69a3bb18b330920d837b	D_0__Bacteria;D_1__Firmicutes;D_2__Clostridia;D_3__Clostridiales;D_4__Lachnospiraceae;D_5__Lachnospiraceae UCG-001	0.9869280690531428
ceddf04df7b48a0125b43510afccae35	Unassigned	0.7385648198014545
5f58d4f93a4a1afcbc95a949b2f4f4e5	D_0__Bacteria;D_1__Proteobacteria;D_2__Alphaproteobacteria;D_3__Sphingomonadales;D_4__Sphingomonadaceae	0.9999998554380348
49fd64f6c7af368a4be9576891420935	D_0__Bacteria;D_1__Firmicutes;D_2__Bacilli;D_3__Bacillales;D_4__Bacillaceae;D_5__Bacillus	0.9912131285618446
5e0b1c68a5d188205ee1576658c0d3c9	Unassigned	0.7656090996439511
1169750ecdacc3900cd500c284954a24	D_0__Bacteria;D_1__Fusobacteria;D_2__Fusobacteriia;D_3__Fusobacteriales;D_4__Leptotrichiaceae;D_5__Sneathia	0.9998844019985993
697bcf0892577d46367c198a522e6a33	D_0__Bacteria;D_1__Firmicutes;D_2__Negativicutes;D_3__Selenomonadales;D_4__Acidaminococcaceae;D_5__Succiniclasticum;D_6__uncultured rumen bacterium	0.8111551593689229
bbb2c6aba5c61a36f91df0e5167a5ff5	D_0__Bacteria;D_1__Firmicutes;D_2__Bacilli;D_3__Lactobacillales;D_4__Streptococcaceae;D_5__Lactococcus	0.9999986512951792
fbd20f64dc20164ddfa0a5cb856a59c5	D_0__Bacteria;D_1__Proteobacteria;D_2__Gammaproteobacteria;D_3__Betaproteobacteriales;D_4__Burkholderiaceae;D_5__Massilia	0.9992255678931445
a9b8b4804ec70e343fa835c572cd966d	D_0__Bacteria;D_1__Firmicutes;D_2__Clostridia;D_3__Clostridiales;D_4__Lachnospiraceae;D_5__Lachnoclostridium;D_6__metagenome	0.8211857070101948
ebba81cb8cd4673cb1b9ec8b3b836ca9	D_0__Bacteria;D_1__Proteobacteria;D_2__Gammaproteobacteria;D_3__Betaproteobacteriales;D_4__Burkholderiaceae;D_5__Massilia	0.9976419487544004
57d103b2a4f79082da11894bb3d3c3c3	D_0__Bacteria;D_1__Firmicutes;D_2__Negativicutes;D_3__Selenomonadales;D_4__Acidaminococcaceae;D_5__Succiniclasticum;D_6__uncultured rumen bacterium	0.9206902698000358
4b1cef8e475baf7ae89c9e7c2a2f2694	D_0__Bacteria;D_1__Firmicutes;D_2__Clostridia;D_3__Clostridiales;D_4__Ruminococcaceae;D_5__Faecalibacterium	0.9998389066277825
ee7cedc064aa1bbba0d490b7185b0f1c	D_0__Bacteria;D_1__Actinobacteria;D_2__Actinobacteria;D_3__Corynebacteriales;D_4__Corynebacteriaceae;D_5__Corynebacterium 1	0.8730492363442904
0e1319cde81b5a76b62ee29f3211b108	D_0__Bacteria;D_1__Bacteroidetes;D_2__Bacteroidia;D_3__Sphingobacteriales;D_4__NS11-12 marine group;D_5__uncultured Flavobacterium sp.;D_6__uncultured Flavobacterium sp.	0.9155042538849935
5f81f831719e07b33d8b1843e9d22916	D_0__Bacteria;D_1__Proteobacteria;D_2__Gammaproteobacteria;D_3__Enterobacteriales;D_4__Enterobacteriaceae	0.9492088814370754
179c1950a52d450a319d94d8f3ab6085	D_0__Bacteria;D_1__Planctomycetes;D_2__Planctomycetacia;D_3__Gemmatales;D_4__Gemmataceae;D_5__Fimbriiglobus;D_6__Gemmata sp. Wa1-6	0.7825267630145016
7adfe4e8fe8ca84c98d8277bb442d03e	D_0__Bacteria;D_1__Bacteroidetes;D_2__Bacteroidia;D_3__Sphingobacteriales;D_4__Sphingobacteriaceae;D_5__Mucilaginibacter	0.9990823035775482
5909408f405ae7b4bff315f33bc31877	D_0__Bacteria;D_1__Cyanobacteria;D_2__Oxyphotobacteria;D_3__Chloroplast	0.9999999999999359
babc328b213c5e7d3f298e438d340a7d	D_0__Bacteria;D_1__Proteobacteria;D_2__Gammaproteobacteria;D_3__Pseudomonadales;D_4__Moraxellaceae;D_5__Acinetobacter	0.9999999761854366
08c3c065374ae8be69c56f1896aa5826	D_0__Bacteria;D_1__Cyanobacteria;D_2__Oxyphotobacteria;D_3__Chloroplast	0.9999999999996463
e6dcbf92b08963a4c4d293d6c86e240f	D_0__Bacteria;D_1__Proteobacteria;D_2__Alphaproteobacteria;D_3__Rickettsiales;D_4__Mitochondria;D_5__uncultured alpha proteobacterium;D_6__uncultured alpha proteobacterium	0.9321620900677874
47cd4fa01845b266d1003d29debba719	D_0__Bacteria;D_1__Bacteroidetes;D_2__Bacteroidia;D_3__Cytophagales;D_4__Microscillaceae;D_5__Chryseolinea;D_6__uncultured Flexibacter sp.	0.7606615961725618
cacaf7e37dcacdba8f35a2389d44f43c	Unassigned	0.7615295390669453
a426039eda0560ef66bce86dee2c55b3	Unassigned	0.8818405358977953
3ee43fabca571676644c440b675a39ab	D_0__Bacteria;D_1__Proteobacteria;D_2__Gammaproteobacteria;D_3__Pseudomonadales;D_4__Moraxellaceae;D_5__Acinetobacter	0.9916526709438768
41ecc379e781dd7aa7bd1141c80b9fe3	D_0__Bacteria;D_1__Bacteroidetes;D_2__Bacteroidia;D_3__Chitinophagales;D_4__Chitinophagaceae;D_5__Ferruginibacter;D_6__uncultured Chitinophagaceae bacterium	0.9529372067418878
6d7b473394415fdf58b0783646b43d58	D_0__Bacteria;D_1__Proteobacteria;D_2__Alphaproteobacteria;D_3__Sphingomonadales;D_4__Sphingomonadaceae;D_5__Sphingomonas	0.9773466762196136
29e794dc79a081feed94d57e34dc6afa	D_0__Bacteria;D_1__Bacteroidetes;D_2__Bacteroidia;D_3__Bacteroidales;D_4__Bacteroidaceae;D_5__Bacteroides	0.9999985664739609
8985c5bf1a7e879a28255c28342c856e	Unassigned	0.8614049650075739
1af6199aac39ed4482dcb883b4ae3152	Unassigned	0.9457317997493371
fc422f35469c73aec33f8dbf4854e86c	D_0__Bacteria;D_1__Proteobacteria;D_2__Gammaproteobacteria;D_3__Alteromonadales;D_4__Shewanellaceae;D_5__Shewanella	0.9999756019869109
79ec9f2017e3f5d4c5974dafcbbaccfd	D_0__Bacteria;D_1__Proteobacteria;D_2__Alphaproteobacteria;D_3__Sphingomonadales;D_4__Sphingomonadaceae;D_5__Sphingomonas	0.9999998412538783
2d0c37c605c24fc71b693d53cb824d9e	D_0__Eukaryota;D_1__SAR;D_2__Alveolata;D_3__Ciliophora;D_6__Trichostomatia;D_7__Entodinium	0.9983979109598683
313c14532cba763b4340137bc103dfa7	D_0__Bacteria;D_1__Firmicutes;D_2__Clostridia;D_3__Clostridiales;D_4__Ruminococcaceae;D_5__Anaerotruncus;D_6__Anaerotruncus sp. G3(2012)	0.977539423674293
2a3c0de285b6c130adb16be94036e794	D_0__Bacteria;D_1__Firmicutes;D_2__Bacilli;D_3__Lactobacillales;D_4__Streptococcaceae;D_5__Streptococcus	0.9990701338744971
852724f1c73108681d0f8e42ed9e8279	D_0__Bacteria;D_1__Cyanobacteria;D_2__Melainabacteria;D_3__Obscuribacterales;D_4__metagenome;D_5__metagenome;D_6__metagenome	0.8945189330160898
0c909be4187399d1488ce2d70a12ff3c	Unassigned	0.8907078778952962
89deb6cb897c9c8a0aee7dfaeaa7f2d7	D_0__Bacteria;D_1__Cyanobacteria;D_2__Oxyphotobacteria;D_3__Nostocales;D_4__Nostocaceae;D_5__Aphanizomenon NIES81	0.9656374765450272
511064bd9a35902809b505dd91992b49	D_0__Bacteria;D_1__Cyanobacteria;D_2__Oxyphotobacteria;D_3__Chloroplast;D_4__Coelastrella sp. M60;D_5__Coelastrella sp. M60;D_6__Coelastrella sp. M60	0.8456491708447753
d60f35f5a873bd829a781bb6c92e3e6b	D_0__Bacteria;D_1__Proteobacteria;D_2__Deltaproteobacteria;D_3__Desulfovibrionales;D_4__Desulfovibrionaceae;D_5__uncultured;D_6__uncultured bacterium	0.9804713752791546
1639d371b719997d8d66bcebe5fd7bbe	D_0__Bacteria;D_1__Actinobacteria;D_2__Actinobacteria;D_3__Corynebacteriales;D_4__Corynebacteriaceae;D_5__Corynebacterium 1;D_6__Corynebacterium maris DSM 45190	0.999961650770639
bc9e37825d1973ad5120fe3576c5d8df	D_0__Bacteria;D_1__Firmicutes;D_2__Bacilli;D_3__Lactobacillales;D_4__Aerococcaceae;D_5__Aerococcus	0.9997226083093559
5ecf73596488de0c28e13dd5578842c9	D_0__Bacteria;D_1__Cyanobacteria;D_2__Oxyphotobacteria;D_3__Chloroplast	0.9999999999999617
352ffec7a33a11d93e9bfedc743ddee3	Unassigned	0.8599824487885817
e48dd943d39db0834e392f4733d1200c	D_0__Bacteria;D_1__Proteobacteria;D_2__Gammaproteobacteria;D_3__Pseudomonadales;D_4__Moraxellaceae;D_5__Acinetobacter	0.9999264668910629
269c9f332b9d9547b6ec966432a19a10	D_0__Bacteria;D_1__Firmicutes;D_2__Bacilli;D_3__Lactobacillales;D_4__Lactobacillaceae;D_5__Lactobacillus;D_6__Lactobacillus iners AB-1	0.9994142537159078
5014696c9c8a7078f87cc9058389467f	D_0__Bacteria;D_1__Bacteroidetes;D_2__Bacteroidia;D_3__Flavobacteriales;D_4__Weeksellaceae;D_5__Chryseobacterium;D_6__Chryseobacterium sp. A5	0.9999554954422961
4ff505c65fce07986a64f9265251c464	D_0__Bacteria;D_1__Proteobacteria;D_2__Gammaproteobacteria;D_3__Betaproteobacteriales;D_4__Burkholderiaceae;D_5__Massilia	0.9976408766859624
a501dbd9db51798ece248006a5a732cf	Unassigned	0.40728158963832484
32b44e941fe682173c01f3d1cc72146b	D_0__Bacteria;D_1__Firmicutes;D_2__Negativicutes;D_3__Selenomonadales;D_4__Veillonellaceae;D_5__Veillonella	0.9999997677537147
20e3cc60dfdbd3a45cc0d504375e09b3	D_0__Bacteria;D_1__Firmicutes;D_2__Bacilli;D_3__Lactobacillales;D_4__Streptococcaceae;D_5__Streptococcus	0.9999639905199539
2062637b21420ad506f2193ef4edf2ac	D_0__Archaea;D_1__Thaumarchaeota;D_2__Nitrososphaeria;D_3__Nitrososphaerales;D_4__Nitrososphaeraceae;D_5__Candidatus Nitrososphaera	0.9999919439618883
cbda2557c26403efa77b37a05d665586	Unassigned	0.5923359836987611
36a83aac7ab4be91150091ec80582234	D_0__Bacteria;D_1__Firmicutes;D_2__Clostridia;D_3__Clostridiales;D_4__Lachnospiraceae	0.9999573293805528
e7a1d04082fd591675386034af15f960	Unassigned	0.8638142226423368
0b4e85cdf92c0f2cfd09b5aeef4b760d	D_0__Bacteria;D_1__Firmicutes;D_2__Clostridia;D_3__Clostridiales;D_4__Lachnospiraceae;D_5__Lachnospiraceae NK4A136 group	0.9974152314769827
0a05a73631155dd0460d0d6a78c41a1a	D_0__Bacteria;D_1__Bacteroidetes;D_2__Bacteroidia;D_3__Flavobacteriales;D_4__Weeksellaceae;D_5__Chryseobacterium	0.937290344741819
f4f1a78c99f72a418cdb646f4a467c55	D_0__Bacteria;D_1__Proteobacteria;D_2__Alphaproteobacteria	0.7085861817539675
cb891856a0c604d78cf31440e8395d4a	D_0__Bacteria;D_1__Firmicutes;D_2__Bacilli;D_3__Lactobacillales;D_4__Lactobacillaceae;D_5__Lactobacillus	0.952006230013225
997f53ea5b62ad6e43b40fd6edad8065	D_0__Bacteria;D_1__Bacteroidetes;D_2__Bacteroidia;D_3__Flavobacteriales;D_4__Flavobacteriaceae;D_5__Flavobacterium	0.9999998206762093
5d6b6d5ecbdb3eb1e1e38fe9b7d65610	D_0__Bacteria;D_1__Actinobacteria;D_2__Actinobacteria;D_3__Corynebacteriales;D_4__Corynebacteriaceae;D_5__Corynebacterium 1	0.999629594775511
b3411efe67fc34d689d976a10f4ef9f9	D_0__Bacteria;D_1__Firmicutes;D_2__Bacilli;D_3__Lactobacillales;D_4__Streptococcaceae;D_5__Streptococcus	0.9999627641869631
2b08536a0ab1f51e419a521a95a6dc29	Unassigned	0.8586622750322926
e7b4be0d31615289ea0b9528cde8a74b	Unassigned	0.4398331978998007
b226e6c5b19a8fc5436eaf0ee7701f2d	Unassigned	0.6657085457204416
545d6be6946dace6bf1a8e76be814369	Unassigned	0.9537892552387556
b7fbe4e388be84e313a7ce56dfe0169b	D_0__Bacteria;D_1__Firmicutes;D_2__Bacilli;D_3__Lactobacillales;D_4__Streptococcaceae;D_5__Streptococcus	0.9999993602432068
c22ab604af1216fa773b2859a34c4ad5	D_0__Bacteria;D_1__Proteobacteria;D_2__Gammaproteobacteria;D_3__Betaproteobacteriales;D_4__Burkholderiaceae;D_5__Tepidimonas	0.8809016209255801
27b79a2336cd2a5dcef5b2258d956302	Unassigned	0.8362645433018914
23a3fe7b5f5825ecf3e50c8cc3034840	D_0__Bacteria	0.8632662242459671
e7c758ba1dadddf2d068b06d706816f5	D_0__Bacteria;D_1__Proteobacteria;D_2__Gammaproteobacteria;D_3__Xanthomonadales;D_4__Xanthomonadaceae;D_5__Stenotrophomonas	0.9999274473781744
5a7b734d761f433cf548763b24b45842	D_0__Bacteria	0.8013164878418294
a0cc8b5358c4b14b4ae2745c93ea5015	D_0__Bacteria;D_1__Firmicutes;D_2__Clostridia;D_3__Clostridiales;D_4__Family XI;D_5__Finegoldia	0.9999999985373366
fd22c6623f3b475d181f76fb69acb74a	D_0__Eukaryota;D_1__Excavata;D_2__Metamonada;D_3__Parabasalia;D_4__Tritrichomonadea;D_5__Tritrichomonas;D_6__Tritrichomonas sp. MEG-2016a	0.7344559513846356
da931b98f1705257dc09e4281a772085	Unassigned	0.8017971195287954
de22c721044eaeb5c1277e89af57d2c5	D_0__Bacteria;D_1__Proteobacteria;D_2__Alphaproteobacteria;D_3__Rhizobiales;D_4__Rhizobiaceae;D_5__Ochrobactrum	0.7880324128159515
3215802cf69d113b8a305b28d9574fff	D_0__Bacteria;D_1__Proteobacteria;D_2__Alphaproteobacteria;D_3__Rickettsiales;D_4__Mitochondria	0.9969513318931275
1195fa8ba2827e61ee0ec30ea396b8e5	D_0__Bacteria;D_1__Firmicutes;D_2__Bacilli;D_3__Lactobacillales;D_4__Lactobacillaceae;D_5__Lactobacillus	0.9516706802984707
e811874ad20b871b592b26e7a14e161c	D_0__Bacteria;D_1__Proteobacteria;D_2__Gammaproteobacteria;D_3__Pseudomonadales;D_4__Pseudomonadaceae;D_5__Pseudomonas	0.9994249262448652
6dd7c2795e4f42b81404d1a4bae28186	D_0__Bacteria;D_1__Planctomycetes;D_2__Planctomycetacia;D_3__Pirellulales;D_4__Pirellulaceae;D_5__Pirellula;D_6__Pirellula sp. SH-Sr6A	0.8276784392173786
5fd56b580508c74b9d85be24bdda1f8a	D_0__Bacteria;D_1__Chloroflexi;D_2__Anaerolineae;D_3__SBR1031;D_4__uncultured Gemmatimonadetes bacterium;D_5__uncultured Gemmatimonadetes bacterium;D_6__uncultured Gemmatimonadetes bacterium	0.9123938367647162
99d4cbb5e7caf76b8ff97bf5bb2a9d23	D_0__Bacteria;D_1__Firmicutes;D_2__Clostridia;D_3__Clostridiales;D_4__Ruminococcaceae;D_5__Ruminococcaceae UCG-014;D_6__uncultured rumen bacterium	0.9665367992416054
4452aa1d0e95ce97031e43a8ad3759cd	D_0__Bacteria	0.955308363106003
4c58904bd4ce726fc813f387b37b4f01	Unassigned	0.7665880783152519
069dae02e866667d30948990c6c0f9d2	D_0__Bacteria;D_1__Bacteroidetes;D_2__Bacteroidia;D_3__Bacteroidales;D_4__F082	0.9999989934660953
cc5c07badf00fb5a189d9378c776d7bb	Unassigned	0.7291973942246137
5ace63fa71a2404341b1e903bd2ff468	D_0__Bacteria;D_1__Proteobacteria;D_2__Gammaproteobacteria;D_3__Pasteurellales;D_4__Pasteurellaceae;D_5__Haemophilus	0.7097562333537558
aa37f005580d709110a6fa9eea85ae84	D_0__Bacteria;D_1__Proteobacteria;D_2__Alphaproteobacteria;D_3__Sphingomonadales;D_4__Sphingomonadaceae;D_5__Sphingobium;D_6__Sphingobium sp. NP22b	0.8306679336554662
13937cada9a1c9562af5919ca235e2d3	D_0__Bacteria;D_1__Bacteroidetes;D_2__Bacteroidia;D_3__Bacteroidales;D_4__Prevotellaceae;D_5__Alloprevotella	0.9999999999967836
0455c04dc36b816b04201633fd8ad55f	D_0__Bacteria;D_1__Cyanobacteria;D_2__Melainabacteria;D_3__Gastranaerophilales;D_4__Candidatus Gastranaerophilales bacterium Zag_111;D_5__Candidatus Gastranaerophilales bacterium Zag_111;D_6__Candidatus Gastranaerophilales bacterium Zag_111	0.9905996453262752
1c23b053aad9272abf9fe6b856929cb5	D_0__Bacteria	0.865315330448529
66f2ff833815be52f95d72567592491b	D_0__Bacteria;D_1__Proteobacteria;D_2__Gammaproteobacteria;D_3__Betaproteobacteriales;D_4__Burkholderiaceae;D_5__Parasutterella;D_6__uncultured bacterium	0.9991952319781885
a991f0ddfb4bd979a66a355e050ff6a3	D_0__Bacteria;D_1__Firmicutes;D_2__Bacilli;D_3__Bacillales;D_4__Bacillaceae;D_5__Bacillus	0.9832476438292377
929815229f2d934abee824bbded9fb2d	D_0__Bacteria;D_1__Actinobacteria;D_2__Actinobacteria;D_3__Pseudonocardiales;D_4__Pseudonocardiaceae;D_5__Amycolatopsis	0.9978100727098519
0e1e5d6ef7e48f25b5cbadb1801eec54	D_0__Bacteria;D_1__Bacteroidetes;D_2__Bacteroidia;D_3__Chitinophagales;D_4__Saprospiraceae;D_5__uncultured;D_6__uncultured Devosia sp.	0.9217082415551205
03471147965722c298abbc31c1b87c6d	D_0__Bacteria;D_1__Proteobacteria;D_2__Gammaproteobacteria;D_3__Betaproteobacteriales;D_4__Burkholderiaceae;D_5__Brachymonas	0.7171885158379618
037879c69e8a69f100ef09196465ad74	Unassigned	0.7408429913204302
9e034e12b907a1465e337f68a3ab5c6a	D_0__Bacteria;D_1__Cyanobacteria;D_2__Oxyphotobacteria;D_3__Chloroplast	0.9999999999996532
99986fab7372de591f6d9495dddc5561	D_0__Bacteria;D_1__Bacteroidetes;D_2__Bacteroidia;D_3__Chitinophagales;D_4__Chitinophagaceae;D_5__Sediminibacterium	0.9999840345687762
f644c8d97a709e032217e56b35cc41d3	D_0__Bacteria;D_1__Actinobacteria;D_2__Actinobacteria;D_3__Micrococcales;D_4__Micrococcaceae;D_5__Garicola	0.9174221782957919
4b3a773278603cf9d18ed04eb608e587	D_0__Bacteria;D_1__Firmicutes;D_2__Bacilli;D_3__Lactobacillales;D_4__Streptococcaceae;D_5__Streptococcus	0.9999998296149439
1fa9bb493b4c9f9c10a5e0bbd2006808	Unassigned	0.8036272197070379
a533630ff7535338c899d62c28d0132b	D_0__Bacteria;D_1__Firmicutes;D_2__Bacilli;D_3__Bacillales;D_4__Bacillaceae;D_5__Bacillus	0.9999485536426853
c44852dc896be8e3fefd175373242cd0	Unassigned	0.3113914156446773
f81dfb03b7b1d751c2f23ac65deb6371	D_0__Bacteria;D_1__Actinobacteria;D_2__Actinobacteria;D_3__Corynebacteriales;D_4__Nocardiaceae;D_5__Rhodococcus	0.9999980009634137
2efeacba099d394fb1c6c542a42c8ce3	Unassigned	0.7827816375570787
e8da627a325d24f83921f4d5bdb1d682	D_0__Archaea;D_1__Euryarchaeota;D_2__Halobacteria;D_3__Halobacteriales;D_4__Halococcaceae;D_5__Halalkalicoccus;D_6__uncultured archaeon	0.9201557933556532
5cd6cbb1386daa737226ab66ead0504a	D_0__Bacteria;D_1__Proteobacteria;D_2__Alphaproteobacteria;D_3__Acetobacterales;D_4__Acetobacteraceae;D_5__Acetobacter	0.9975132973323236
56b67be4cc5fbfe3c27e75996ec78e5f	D_0__Bacteria;D_1__Patescibacteria;D_2__Saccharimonadia;D_3__Saccharimonadales;D_4__Saccharimonadaceae	0.7949919893462349
7b2392676561abad1f704ffedf4ff173	Unassigned	0.6878690162627112
c4bd195b376cb6f87e791d3f36f3edd3	Unassigned	0.7607927186090098
eaf2081ac9eebb4048ecb862a90a809d	D_0__Bacteria;D_1__Proteobacteria;D_2__Alphaproteobacteria;D_3__Sphingomonadales;D_4__Sphingomonadaceae;D_5__Sphingomonas	0.9761522797097076
43d39cb6dc03ca461ed3e63f0b2eb41b	D_0__Bacteria;D_1__Gemmatimonadetes;D_2__Longimicrobia;D_3__Longimicrobiales;D_4__Longimicrobiaceae;D_5__uncultured bacterium;D_6__uncultured bacterium	0.9549634471020028
8bbae6a193fcafcf8d372d72f284d1f5	D_0__Bacteria;D_1__Cyanobacteria;D_2__Oxyphotobacteria;D_3__Chloroplast	0.9999999999999268
967c4ec4671c38954c8067bf62be30a1	Unassigned	0.8647876884760346
88d8708d4aa9469d9c6519f8bae2b387	D_0__Bacteria;D_1__Bacteroidetes;D_2__Bacteroidia;D_3__Bacteroidales;D_4__Prevotellaceae;D_5__Prevotella;D_6__Prevotella bivia	0.7357752679135527
fa8da9534d117e6671554e8503839cdc	Unassigned	0.7552353711542679
5c31f14c2d9cdb9e29ab2628c45b5017	Unassigned	0.6829193045314674
ebf2da8e6671157a251209241bbb97aa	D_0__Bacteria;D_1__Firmicutes;D_2__Clostridia;D_3__Clostridiales;D_4__Lachnospiraceae;D_5__Lachnospiraceae UCG-001	0.996106120734184
076841b7f25c70aa8aea9df67a432376	D_0__Bacteria;D_1__Bacteroidetes;D_2__Bacteroidia;D_3__Bacteroidales;D_4__Prevotellaceae;D_5__Prevotella 9	0.9999998506447686
f6c12b0c7a34f668933f10e03c9578be	D_0__Bacteria;D_1__Fusobacteria;D_2__Fusobacteriia;D_3__Fusobacteriales;D_4__Leptotrichiaceae;D_5__Leptotrichia;D_6__Leptotrichia sp. oral taxon 212	0.953567182881914
4679773d72c6f1b22c3c9689930d956c	D_0__Bacteria;D_1__Firmicutes;D_2__Bacilli;D_3__Lactobacillales;D_4__Streptococcaceae;D_5__Streptococcus	0.9979732499879376
e343171c47032424916416acbd2e45c7	D_0__Bacteria;D_1__Firmicutes;D_2__Clostridia;D_3__Clostridiales;D_4__Lachnospiraceae;D_5__Dorea	0.9940957956278457
360c415a38599fe0edce8b98093c463d	D_0__Bacteria;D_1__Chloroflexi;D_2__Ktedonobacteria;D_3__Ktedonobacterales;D_4__Ktedonobacteraceae;D_5__uncultured;D_6__uncultured soil bacterium	0.999846523582094
ebcc4ded469f93e66dd88cce47ae5b81	D_0__Bacteria;D_1__Firmicutes;D_2__Clostridia;D_3__Clostridiales;D_4__Lachnospiraceae;D_5__uncultured;D_6__uncultured bacterium	0.7980600153651891
06f83786b63230bda953e6569683795e	Unassigned	0.8247007182138923
7dc158eac311d2e5113465078278af29	Unassigned	0.7266698412407673
92b7e77d410ad042f0f704c9b0e28cb2	D_0__Bacteria;D_1__Proteobacteria;D_2__Gammaproteobacteria;D_3__Pseudomonadales;D_4__Pseudomonadaceae;D_5__Pseudomonas	0.9999754118249307
1f3a127ffabcc0db8d4604fec58a2eb4	D_0__Bacteria;D_1__Bacteroidetes;D_2__Bacteroidia;D_3__Flavobacteriales;D_4__Weeksellaceae;D_5__Empedobacter	0.9999908780429975
e6922fd39e27d89f7c0887ad26bf4cd7	Unassigned	0.7336346809991601
9ed1bfdd598b6394af77c075453f2143	D_0__Bacteria;D_1__Acidobacteria;D_2__Acidobacteriia;D_3__Acidobacteriales;D_4__uncultured	0.7709464549357145
582d33d3ff6f83285f985d1692d56960	Unassigned	0.8158614418404739
34069e52273b88b37d4de52e82e0cfa7	D_0__Bacteria;D_1__Verrucomicrobia;D_2__Verrucomicrobiae;D_3__Opitutales;D_4__Opitutaceae;D_5__uncultured;D_6__metagenome	0.9979821828734609
993fc1eb5004fab961027868237f187a	D_0__Bacteria;D_1__Proteobacteria;D_2__Gammaproteobacteria;D_3__Aeromonadales;D_4__Succinivibrionaceae;D_5__Succinivibrionaceae UCG-001;D_6__uncultured bacterium	0.8883489646317185
1ae161dea477c80caf76553444fbce13	D_0__Bacteria;D_1__Acidobacteria;D_2__Blastocatellia (Subgroup 4);D_3__Pyrinomonadales;D_4__Pyrinomonadaceae;D_5__RB41;D_6__uncultured Acidobacteriales bacterium	0.7410900651683604
89953d67d927eddd06d2b2121bea731d	Unassigned	0.9139007545380857
26d0a1c2994c57b8b5616145029a9e1e	D_0__Bacteria;D_1__Cyanobacteria;D_2__Oxyphotobacteria;D_3__Chloroplast	0.9999999999999227
fd24bbc9034d0d9bb6f4b580338412a5	D_0__Bacteria;D_1__Firmicutes;D_2__Clostridia;D_3__Clostridiales;D_4__Ruminococcaceae	0.9999237377112017
35da528ee14eb7adc8df353f07c4c834	Unassigned	0.6780097035986258
8f693030efc865b6a64c0110fa6169e0	D_0__Bacteria;D_1__Proteobacteria;D_2__Alphaproteobacteria;D_3__Rickettsiales;D_4__Anaplasmataceae;D_5__Wolbachia	0.9999717095824511
8bb976fad06bd16346cb70df8e1df03b	D_0__Eukaryota;D_1__Excavata;D_2__Metamonada;D_3__Parabasalia;D_4__Tritrichomonadea;D_5__Tritrichomonas	0.9998542325726673
836bb4caf1c99fc065a586eb755d0ca2	D_0__Bacteria;D_1__Proteobacteria;D_2__Alphaproteobacteria;D_3__Sphingomonadales;D_4__Sphingomonadaceae;D_5__Sphingomonas	0.9951831105728617
e868ae9a6b2394828f0bad1f24f130d2	Unassigned	0.8317046468544572
9057e6c60f510adb296b61a18649987d	Unassigned	0.7747824983189197
3989d6fac93b1d8b8449484bf1bcbe74	Unassigned	0.6269046959293156
54a969bb24dc1a83fe68fdf0ff769002	D_0__Bacteria;D_1__Proteobacteria;D_2__Gammaproteobacteria;D_3__Betaproteobacteriales;D_4__Burkholderiaceae;D_5__Parasutterella	0.9999997146025018
d62357fd22163a85ff1af067e9c26151	Unassigned	0.9330147008853942
46c8d3dcc79807ea4807d110aa5e27b1	Unassigned	0.35855174368349196
981586773f3c466542881268e8c1e558	D_0__Bacteria;D_1__Bacteroidetes;D_2__Bacteroidia;D_3__Bacteroidales;D_4__Muribaculaceae;D_5__uncultured bacterium;D_6__uncultured bacterium	0.978934616155767
e0e4a8405cf1502a97bf13e08e8ac6c6	Unassigned	0.8866551615654685
02950c88e51ba7e2270d8ef4f2cefc1c	D_0__Bacteria;D_1__Proteobacteria;D_2__Gammaproteobacteria;D_3__Pseudomonadales;D_4__Moraxellaceae;D_5__Enhydrobacter	0.9999998073030568
f677812ec6a92d90603215e55be03405	D_0__Bacteria;D_1__Acidobacteria;D_2__Acidobacteriia;D_3__Solibacterales;D_4__Solibacteraceae (Subgroup 3);D_5__Paludibaculum	0.9996854713404204
929c7824c4f76d9b205daa879073b616	D_0__Bacteria;D_1__Proteobacteria;D_2__Alphaproteobacteria;D_3__Sphingomonadales;D_4__Sphingomonadaceae;D_5__Sphingobium	0.9999749383610101
35207a5a372e2365e48af1a9822e49aa	Unassigned	0.7330425778024845
d01c048d2e599410896931405d9e9ce1	D_0__Bacteria;D_1__Proteobacteria;D_2__Gammaproteobacteria;D_3__Betaproteobacteriales;D_4__Neisseriaceae;D_5__Neisseria	0.9994442847500495
1e03200cdca629920d91fd0f6fedfc8b	D_0__Bacteria;D_1__Proteobacteria;D_2__Alphaproteobacteria;D_3__Rhodobacterales;D_4__Rhodobacteraceae;D_5__Paracoccus	0.9715640369077729
76d6a27ea65bcae1e3327e8d8461d263	D_0__Bacteria;D_1__Proteobacteria;D_2__Alphaproteobacteria;D_3__Rickettsiales;D_4__Mitochondria;D_5__Acanthamoeba sp.;D_6__Acanthamoeba sp.	0.9999999914362832
6bfdb47a284a64b9d39b58dca5eacb0a	D_0__Bacteria;D_1__Proteobacteria;D_2__Alphaproteobacteria;D_3__Acetobacterales;D_4__Acetobacteraceae;D_5__Acetobacter	0.9977363410480997
1c0bac58c267b2a1c3195de391511ba8	D_0__Bacteria;D_1__Bacteroidetes;D_2__Bacteroidia;D_3__Bacteroidales;D_4__Bacteroidaceae;D_5__Bacteroides;D_6__uncultured Bacteroides sp.	0.8543634396186504
5cc5aa1321b480eb461491cd611fa40c	D_0__Bacteria;D_1__Bacteroidetes;D_2__Bacteroidia;D_3__Bacteroidales;D_4__Muribaculaceae;D_5__uncultured bacterium;D_6__uncultured bacterium	0.9076603310887569
6ba10df0471612a984038fb38e0866dd	D_0__Bacteria;D_1__Proteobacteria;D_2__Gammaproteobacteria;D_3__Gammaproteobacteria Incertae Sedis;D_4__Unknown Family;D_5__Acidibacter;D_6__uncultured Steroidobacter sp.	0.987961307164332
9da6d8617d203161781a2c3fa68958c4	D_0__Bacteria;D_1__Proteobacteria;D_2__Gammaproteobacteria;D_3__Pseudomonadales;D_4__Moraxellaceae;D_5__Acinetobacter	0.998200883376151
c9cd753bb6081380565a218b05d716b0	D_0__Bacteria;D_1__Actinobacteria;D_2__Coriobacteriia;D_3__Coriobacteriales;D_4__Coriobacteriaceae;D_5__Collinsella	0.9999999898867015
f16d187c4ca5f555f4961294b882f2d1	Unassigned	0.4071130999539764
adae67d1ff4f64cd3802a1c26b3f4c23	D_0__Bacteria;D_1__Bacteroidetes;D_2__Bacteroidia;D_3__Chitinophagales;D_4__Chitinophagaceae;D_5__Chitinophaga	0.999998885726383
55a94e59856927811e2cc049a22a037a	D_0__Bacteria;D_1__Bacteroidetes;D_2__Bacteroidia;D_3__Cytophagales;D_4__Cyclobacteriaceae;D_5__Algoriphagus;D_6__uncultured Hongiella sp.	0.7372520728949217
60b63c1511d842882d1c7b874dbae652	D_0__Bacteria;D_1__Proteobacteria;D_2__Gammaproteobacteria	0.9369101007090938
16ddab8a7d99b21c3a165cfef6f2cf58	Unassigned	0.522253508494001
316d1a1672925c9959252d566c3edcd3	D_0__Bacteria;D_1__Firmicutes;D_2__Clostridia;D_3__Clostridiales;D_4__Lachnospiraceae;D_5__Lachnospiraceae UCG-006;D_6__Clostridium sp. ASF502	0.9994620644220392
3cad28b2d7181976a84f068e831219c4	D_0__Bacteria;D_1__Firmicutes;D_2__Clostridia;D_3__Clostridiales;D_4__Ruminococcaceae;D_5__Ruminococcaceae NK4A214 group;D_6__gut metagenome	0.9387989218159787
29b4ee366a8a09a82e71e576e90b94d8	D_0__Bacteria;D_1__Proteobacteria;D_2__Gammaproteobacteria;D_3__Betaproteobacteriales;D_4__Burkholderiaceae	0.9999929817793419
6df27b2cbd1913f3c7da2bf219ec5fac	D_0__Bacteria;D_1__Firmicutes;D_2__Clostridia;D_3__Clostridiales;D_4__Ruminococcaceae;D_5__Anaerotruncus;D_6__Anaerotruncus sp. G3(2012)	0.9707570733946542
2ed4ceab2bc84164ae624a23f4596f93	D_0__Bacteria;D_1__Proteobacteria;D_2__Gammaproteobacteria;D_3__Pseudomonadales;D_4__Moraxellaceae;D_5__Acinetobacter	0.9995448631231667
20bdbce7f20a887458db6d6fd0568fb0	D_0__Bacteria;D_1__Firmicutes;D_2__Erysipelotrichia;D_3__Erysipelotrichales;D_4__Erysipelotrichaceae;D_5__Turicibacter;D_6__uncultured organism	0.7723106157395275
a7877c931c0b4bb10d8d93c3cbd0e817	D_0__Bacteria;D_1__Verrucomicrobia;D_2__Verrucomicrobiae;D_3__Chthoniobacterales;D_4__Chthoniobacteraceae;D_5__Candidatus Udaeobacter;D_6__uncultured Xiphinematobacteriaceae bacterium	0.7201622514192574
2aa3ea9e4b8df3c0af692a139f4d8035	D_0__Bacteria;D_1__Bacteroidetes;D_2__Bacteroidia;D_3__Bacteroidales;D_4__Marinifilaceae;D_5__Odoribacter;D_6__uncultured bacterium	0.9645330253867997
553f83b3ac67132bf60b9da85fb65491	D_0__Bacteria;D_1__Firmicutes;D_2__Clostridia;D_3__Clostridiales;D_4__Ruminococcaceae;D_5__Fournierella	0.98129647173366
25c0c2a5b1a8b45cbe05cca357b16049	Unassigned	0.48608479532787985
ffff3b3b2fa8798bf8b64aa2f2fb9894	Unassigned	0.3406746188264004
03d73f1f6325f4900f97119d1662e93d	D_0__Bacteria;D_1__Proteobacteria;D_2__Deltaproteobacteria;D_3__Desulfovibrionales;D_4__Desulfovibrionaceae;D_5__Desulfovibrio	0.9999985807294223
a6f85c2618a23bb3d626be5c31686f29	D_0__Bacteria;D_1__Bacteroidetes;D_2__Bacteroidia;D_3__Sphingobacteriales;D_4__Sphingobacteriaceae;D_5__Mucilaginibacter	0.9995298587776282
cc4a396763fbf752fd7f07c53e96f21d	D_0__Bacteria;D_1__Bacteroidetes;D_2__Bacteroidia;D_3__Bacteroidales;D_4__Bacteroidaceae;D_5__Bacteroides;D_6__uncultured Bacteroides sp.	0.9771235211761037
df08d7e0f630aa95fb0e20361af67385	D_0__Bacteria;D_1__Bacteroidetes;D_2__Bacteroidia;D_3__Bacteroidales;D_4__Tannerellaceae;D_5__Parabacteroides	0.9993535379003027
f2001e46e74cb77c7665e3bdc82b8fa4	D_0__Bacteria;D_1__Proteobacteria;D_2__Alphaproteobacteria;D_3__Acetobacterales;D_4__Acetobacteraceae	0.8727333487152562
1bc02ad8598393fd502140d5ab5a0c49	D_0__Bacteria	0.9497128721576263
e8fbf4c8c39f9070f1b30b08679d5537	Unassigned	0.8268257206905129
4aae6e2045efd13d86a0b028e61f0c78	Unassigned	0.8040800968501081
6df10651d51f103077f1e185419ac526	Unassigned	0.8751361479599636
5e8c1b3e67bbcd6b4556d583ae787a61	D_0__Bacteria;D_1__Bacteroidetes;D_2__Bacteroidia;D_3__Chitinophagales;D_4__Chitinophagaceae;D_5__Sediminibacterium	0.9999849018549108
ed8f51c6e54a4db0000bf405ab30e059	D_0__Bacteria;D_1__Cyanobacteria;D_2__Oxyphotobacteria;D_3__Nostocales;D_4__Chroococcidiopsaceae;D_5__Chroococcidiopsis PCC 7203	0.9999999827383179
16e10e9ff88b514908496c8434d1d165	D_0__Bacteria;D_1__Bacteroidetes;D_2__Bacteroidia;D_3__Bacteroidales;D_4__Bacteroidaceae;D_5__Bacteroides	0.9999999925102591
615733fbe580d6cd06bc2ae2b4a19388	Unassigned	0.8677492003318293
63bd1388167bc16c49f4fde00f8943ed	D_0__Bacteria;D_1__Bacteroidetes;D_2__Bacteroidia;D_3__Flavobacteriales;D_4__Weeksellaceae;D_5__Chryseobacterium	0.99990082651629
9585ef51883bd793dd37f21e5b050ca6	D_0__Bacteria;D_1__Firmicutes;D_2__Bacilli;D_3__Bacillales;D_4__Paenibacillaceae;D_5__Paenibacillus;D_6__uncultured earthworm intestine bacterium	0.8670004270373488
64b676c5b0b5bd4e4a4d005e4b78d54f	D_0__Bacteria;D_1__Patescibacteria;D_2__Saccharimonadia;D_3__Saccharimonadales;D_4__Saccharimonadaceae	0.8790580233307265
92d8b0781f38b73aab830f7b7a0287d8	Unassigned	0.8253648274570616
d44f8008b78add1e159faa01899ae819	Unassigned	0.8176835035661714
e32434dc408df91c50b250cd8d892383	Unassigned	0.8106661578525375
cf7199bb2ba3c4da8c2f2f75630b8d90	Unassigned	0.36566830116939475
67ab077190024cf06a0787cac086662f	Unassigned	0.7790783780457224
971c110849e66e671167d14cb912189c	D_0__Bacteria;D_1__Actinobacteria;D_2__Actinobacteria;D_3__Micrococcales;D_4__Intrasporangiaceae	0.9993344785350153
60cc7355ebecc9ca06fa9ea49775c269	D_0__Bacteria;D_1__Proteobacteria;D_2__Alphaproteobacteria;D_3__Acetobacterales;D_4__Acetobacteraceae;D_5__Acetobacter	0.997784686242202
b49a648da401ff700641955ad76b5926	D_0__Bacteria;D_1__Proteobacteria;D_2__Alphaproteobacteria;D_3__Acetobacterales;D_4__Acetobacteraceae;D_5__Acetobacter	0.9975121514541333
d58e23303c93a8f88a375e8651e5a8b2	D_0__Bacteria;D_1__Proteobacteria;D_2__Alphaproteobacteria;D_3__Acetobacterales;D_4__Acetobacteraceae;D_5__Acetobacter	0.9977781210644784
f49aa8fb7d43b8ad1b7062dd8db5bc7d	D_0__Bacteria;D_1__Proteobacteria;D_2__Alphaproteobacteria;D_3__Acetobacterales;D_4__Acetobacteraceae;D_5__Acetobacter	0.9967913738075763
f353115dd900140443a62f4cadb6522f	D_0__Bacteria;D_1__Proteobacteria;D_2__Alphaproteobacteria;D_3__Acetobacterales;D_4__Acetobacteraceae;D_5__Acetobacter	0.9968120534749048
f35237c13fea44e156d4b1ec56f053f5	D_0__Bacteria;D_1__Bacteroidetes;D_2__Bacteroidia;D_3__Chitinophagales;D_4__Chitinophagaceae;D_5__Flavitalea;D_6__bacterium CS57	0.7733154855753194
5f0f6f8f80edfbfde4ee8ea6db3241c5	D_0__Bacteria;D_1__Bacteroidetes;D_2__Bacteroidia;D_3__Bacteroidales;D_4__Prevotellaceae;D_5__Prevotella 9	0.9999999034196602
878faf5e469a087462d7121fc15b29d0	Unassigned	0.5703615064488966
867e2804bdb604f3f27cd97a66abcb25	D_0__Bacteria;D_1__Firmicutes;D_2__Clostridia;D_3__Clostridiales;D_4__Ruminococcaceae;D_5__Faecalibacterium;D_6__gut metagenome	0.812229252700171
6ec2008c9492753da2a630ddcda2b5ac	D_0__Bacteria;D_1__Firmicutes;D_2__Bacilli;D_3__Lactobacillales;D_4__Lactobacillaceae;D_5__Lactobacillus	0.999913204158443
6ffa849a4994ed6d48d2f92cb12997fd	Unassigned	0.8262605933265503
c18cd8f6e89ce0778735b54c5b2d8569	D_0__Bacteria;D_1__Acidobacteria;D_2__Acidobacteriia;D_3__Subgroup 2	0.9999999997788677
5a15a62bf38ea4c5b06e2d36a562641a	Unassigned	0.6536733094477839
74f76d7168a6035f93e1bfe3c61e821a	D_0__Bacteria;D_1__Bacteroidetes;D_2__Bacteroidia;D_3__Bacteroidales;D_4__Bacteroidaceae;D_5__Bacteroides	0.9999999998620246
e464c5161788cd8620882c9e37394887	D_0__Bacteria;D_1__Actinobacteria;D_2__Actinobacteria;D_3__Bifidobacteriales;D_4__Bifidobacteriaceae;D_5__Bifidobacterium	0.9999985590322668
9ffeb8a838c8b1505f8cde079a971c11	D_0__Bacteria;D_1__Firmicutes;D_2__Clostridia;D_3__Clostridiales;D_4__Ruminococcaceae;D_5__Faecalibacterium	0.9999219012412339
b0ac20b47aa9f455570f392dd5ccb557	D_0__Bacteria;D_1__Chloroflexi;D_2__KD4-96	0.9999999660818588
d557637c86fabfbfe76d3da128bc0d88	D_0__Bacteria;D_1__Firmicutes;D_2__Clostridia;D_3__Clostridiales;D_4__Ruminococcaceae;D_5__Caproiciproducens;D_6__bacterium MS4	0.9205407863589101
a69b25abc924490f40d93f71e50b53b2	D_0__Bacteria;D_1__Proteobacteria;D_2__Gammaproteobacteria;D_3__Betaproteobacteriales;D_4__Burkholderiaceae;D_5__Tepidimonas	0.8679218744907634
eab11708bc2adb189c5e17710b214df2	Unassigned	0.9494518107995166
b86c3d4735a408017cd28cd058e8e13e	D_0__Bacteria;D_1__Proteobacteria;D_2__Gammaproteobacteria;D_3__Enterobacteriales;D_4__Enterobacteriaceae	0.9996675455786878
ae5681d7693f286777eaa50ae710c1be	Unassigned	0.8367192843730343
66eaaeea77025c1a17052ba98b2b0cf2	Unassigned	0.7707097657554998
cd2b6deb6eeeb94c53817ff6bd754ed5	Unassigned	0.7944839698176
b2df85505d8174ee97a24d4b985d0822	D_0__Bacteria;D_1__Bacteroidetes;D_2__Bacteroidia;D_3__Bacteroidales;D_4__Porphyromonadaceae;D_5__Porphyromonas;D_6__Porphyromonas sp. oral clone HF001	0.9997705102806577
b6eb07872e587a95c7627ff64bbeb453	D_0__Bacteria;D_1__Actinobacteria;D_2__Actinobacteria;D_3__Bifidobacteriales;D_4__Bifidobacteriaceae;D_5__Bifidobacterium	0.9999951216078352
03adf8490731fe8fbed3757327daf727	D_0__Bacteria;D_1__Proteobacteria;D_2__Alphaproteobacteria;D_3__Rhizobiales;D_4__Rhizobiaceae;D_5__Ensifer	0.8935829505769848
673a0dba72191ce68a5e2cee2cc99c88	D_0__Bacteria;D_1__Bacteroidetes;D_2__Bacteroidia;D_3__Chitinophagales;D_4__Chitinophagaceae;D_5__uncultured	0.8006503275657184
a97f30ac0584e8603dcdcf0c0ef452d7	D_0__Bacteria;D_1__Proteobacteria;D_2__Alphaproteobacteria;D_3__Sphingomonadales;D_4__Sphingomonadaceae;D_5__Porphyrobacter	0.939797691032784
afae7b54cc772cd1ad986d0a97e35608	D_0__Bacteria;D_1__Bacteroidetes;D_2__Bacteroidia;D_3__Cytophagales;D_4__Amoebophilaceae;D_5__uncultured	0.9999993415892925
bbec5bfeb1481d3cb9351932072d8706	D_0__Bacteria;D_1__Chloroflexi;D_2__Anaerolineae;D_3__Anaerolineales;D_4__Anaerolineaceae;D_5__uncultured	0.9972866182573327
1fb491b059d7c3285684374fa1223c99	D_0__Bacteria;D_1__Proteobacteria;D_2__Alphaproteobacteria;D_3__Rickettsiales;D_4__Mitochondria	0.9562694374327767
1c93b24ecb1642cbc6193e58c36c7393	D_0__Eukaryota;D_1__Opisthokonta;D_2__Holozoa;D_3__Metazoa (Animalia);D_10__Neoptera;D_11__Diptera	0.9999999948232575
42b3137fef3d0d66ac3d97842b6776a6	Unassigned	0.7642227559278635
2bee946634670c27dd27540c7caaebca	D_0__Bacteria;D_1__Bacteroidetes;D_2__Bacteroidia;D_3__Bacteroidales;D_4__Prevotellaceae;D_5__Prevotella 2;D_6__uncultured organism	0.9883162003378929
a5c4044b5b955daf1db29854cb6568eb	D_0__Bacteria;D_1__Bacteroidetes;D_2__Bacteroidia;D_3__Bacteroidales;D_4__Bacteroidales RF16 group;D_5__uncultured rumen bacterium;D_6__uncultured rumen bacterium	0.862940885242121
11f598fa17b9cccdf65ac9b30c034b35	D_0__Bacteria;D_1__Planctomycetes;D_2__Planctomycetacia;D_3__Gemmatales;D_4__Gemmataceae;D_5__uncultured	0.9471632629938102
dac59d6f40c566a4a5386b9cdd46dadb	Unassigned	0.5101356917267064
4da2047c10104893c4f9e19b87d0ccd8	Unassigned	0.8300833102100055
61c13abcba034199e8341de82ddcf1ac	Unassigned	0.7348384656794726
6af21e91e30b5858f596046c0bf88e3c	Unassigned	0.9454520515797165
4a4b5d4a299ef80a4edfb4b25b483de8	D_0__Bacteria;D_1__Proteobacteria;D_2__Alphaproteobacteria;D_3__Micropepsales;D_4__Micropepsaceae;D_5__uncultured	0.968643260385899
f8eb1c05d62207454233c2fe79c5f337	D_0__Bacteria;D_1__Bacteroidetes;D_2__Bacteroidia;D_3__Bacteroidales;D_4__Muribaculaceae;D_5__uncultured bacterium;D_6__uncultured bacterium	0.977986316573564
ce51160afa5bf9fae86653bcb22dca4f	D_0__Bacteria;D_1__Proteobacteria;D_2__Alphaproteobacteria;D_3__Rhizobiales;D_4__Rhizobiaceae;D_5__Allorhizobium-Neorhizobium-Pararhizobium-Rhizobium	0.9611863020865561
67966b42487f40b92aec6e7125d83ceb	D_0__Bacteria;D_1__Proteobacteria;D_2__Gammaproteobacteria;D_3__Betaproteobacteriales;D_4__Burkholderiaceae;D_5__Sutterella;D_6__Duodenibacillus massiliensis	0.9630851767532068
af12e4e9008efe18b9abd7cc190cd399	D_0__Bacteria	0.8755199202136034
6f96e74bf4c827689866eb5b2fd46e38	Unassigned	0.539271598503402
03de5442e594435bcfb9cb09b484cb2e	D_0__Bacteria	0.8448637200094745
189c1f3a19d80f3ef6998e5b7db9b7c3	Unassigned	0.7780423608974782
15e7c3c445428f7c94e8d630146dbf00	D_0__Bacteria;D_1__Firmicutes;D_2__Clostridia;D_3__Clostridiales;D_4__Lachnospiraceae;D_5__Lachnoclostridium;D_6__[Clostridium] leptum	0.8522830296008735
5b423dc5908fd241bb01263202b067d5	D_0__Bacteria;D_1__Bacteroidetes;D_2__Bacteroidia;D_3__Bacteroidales;D_4__Rikenellaceae;D_5__Alistipes;D_6__uncultured bacterium	0.7157382041099085
681bf0e01caac1647befe2cd6ae93863	Unassigned	0.6495346948681087
2028a1ad06255755a299d9b3e79aa6f8	D_0__Bacteria;D_1__Bacteroidetes;D_2__Bacteroidia;D_3__Bacteroidales;D_4__Muribaculaceae;D_5__uncultured bacterium;D_6__uncultured bacterium	0.9958409977498295
0eabb7a7c6b78d79cbab4fc8fffbffec	D_0__Bacteria;D_1__Firmicutes;D_2__Clostridia;D_3__Clostridiales;D_4__Clostridiales vadinBB60 group;D_5__uncultured bacterium;D_6__uncultured bacterium	0.9317975530879983
9eb77d87c2b79a713c7543b6981f7fa3	D_0__Bacteria;D_1__Proteobacteria;D_2__Alphaproteobacteria;D_3__Acetobacterales;D_4__Acetobacteraceae;D_5__Acetobacter;D_6__Acetobacter persici	0.9063381189531607
b0be2d523283b604b117c4c74e2e810d	Unassigned	0.3475246095233152
743321ac59b045c1107547cc2c6d4697	D_0__Bacteria;D_1__Actinobacteria;D_2__Actinobacteria;D_3__Corynebacteriales;D_4__Mycobacteriaceae;D_5__Mycobacterium	0.9999424234685844
f7a2ac4512c4c5f958a45ba5c4d5b75a	Unassigned	0.834584290843309
09b63125bbcb8c3d6b8d59cd161edda8	Unassigned	0.4919114820035083
4b6e66774e4fb8902ef0f9cff8e0d8ff	D_0__Bacteria;D_1__Firmicutes;D_2__Bacilli;D_3__Lactobacillales;D_4__Lactobacillaceae;D_5__Lactobacillus	0.9510407262665178
0049939d007dac05503c7b4b81541d29	D_0__Bacteria;D_1__Firmicutes;D_2__Clostridia;D_3__Clostridiales;D_4__Clostridiaceae 1	0.9999990174510487
5a7901f39a9813bdd19dd1d2e7dc1262	D_0__Bacteria	0.81573746993332
527e7463681441e64266e13d4e8f1ff0	D_0__Bacteria;D_1__Bacteroidetes;D_2__Bacteroidia;D_3__Bacteroidales;D_4__uncultured;D_5__uncultured Bacteroidales bacterium;D_6__uncultured Bacteroidales bacterium	0.999995341511032
12570e1716d448bfffb553d219cb20fc	Unassigned	0.5582872566835948
d43831d3b789ce036d4eeb9da4319c18	Unassigned	0.8516306396338459
25fc522722ce87a8ed376be63243d9b9	Unassigned	0.7604520236022551
b7c3f4f9d9b11c99362064285604715e	Unassigned	0.8443274653513888
13c0bd7657139cdc713f9f89eb4a85ed	Unassigned	0.7179360660023961
1e48cca92041b31984bb696f3a6d98ec	D_0__Bacteria;D_1__Proteobacteria;D_2__Alphaproteobacteria;D_3__Acetobacterales;D_4__Acetobacteraceae;D_5__Acetobacter	0.9957809824864159
6e31396c9f794ff6cf6de9abf20fd458	D_0__Bacteria;D_1__Proteobacteria;D_2__Alphaproteobacteria;D_3__Acetobacterales;D_4__Acetobacteraceae;D_5__Acetobacter	0.9977742672917249
3c6eb337c11abe904858eb67fc211b8f	D_0__Bacteria;D_1__Proteobacteria;D_2__Alphaproteobacteria;D_3__Acetobacterales;D_4__Acetobacteraceae;D_5__Acetobacter	0.9980050378051608
13869bfba7d14409b472d14965513c67	D_0__Bacteria;D_1__Proteobacteria;D_2__Alphaproteobacteria;D_3__Acetobacterales;D_4__Acetobacteraceae;D_5__Acetobacter	0.9784173178251588
0a6d91a9f35e7ac2d9b16e0f660ce7cc	D_0__Bacteria;D_1__Proteobacteria;D_2__Gammaproteobacteria;D_3__Xanthomonadales;D_4__Xanthomonadaceae;D_5__Stenotrophomonas	0.9998235197401346
a9f8b7ac17e2727369360c5814b5cd9b	D_0__Bacteria;D_1__Proteobacteria;D_2__Alphaproteobacteria;D_3__uncultured;D_4__uncultured bacterium;D_5__uncultured bacterium;D_6__uncultured bacterium	0.7031619001396087
ed59d4dc446ddcc5143c91fa11f097d2	D_0__Bacteria;D_1__Proteobacteria;D_2__Alphaproteobacteria;D_3__Acetobacterales;D_4__Acetobacteraceae;D_5__Acetobacter	0.9963910212097719
9a93e37994861a74d54ab6c70a5f37ba	D_0__Bacteria;D_1__Proteobacteria;D_2__Alphaproteobacteria;D_3__Acetobacterales;D_4__Acetobacteraceae;D_5__Acetobacter	0.9963920800384264
5ebdf0c4ac306e16ef61da413b0206b8	Unassigned	0.9341999408256755
71467e69f63f8bf5cd835eb4b5a25624	D_0__Bacteria;D_1__Actinobacteria;D_2__Actinobacteria;D_3__Micrococcales;D_4__Intrasporangiaceae	0.9960672102497885
72260a819f7ab819ae37207249a0b28f	D_0__Bacteria;D_1__Bacteroidetes;D_2__Bacteroidia;D_3__Chitinophagales;D_4__Chitinophagaceae;D_5__Flavitalea;D_6__uncultured Bacteroidetes bacterium	0.7937502425564426
d559e4b16d62c43fd8d47ea202069794	D_0__Bacteria;D_1__Proteobacteria;D_2__Alphaproteobacteria;D_3__Acetobacterales;D_4__Acetobacteraceae;D_5__Acetobacter	0.9959793131645656
ce2f3740ce51ab85cb0c914b58f00303	D_0__Bacteria;D_1__Actinobacteria;D_2__Actinobacteria;D_3__Corynebacteriales;D_4__Dietziaceae;D_5__Dietzia	0.9949174185035008
9970961c272225cceb0fe26c058a638e	D_0__Bacteria;D_1__Firmicutes;D_2__Clostridia;D_3__Clostridiales;D_4__Ruminococcaceae;D_5__Ruminococcaceae UCG-010;D_6__uncultured bacterium	0.8868679449721165
9b9ac7a7f1ba33b53ab0a982b6722303	D_0__Bacteria;D_1__Firmicutes;D_2__Clostridia;D_3__Clostridiales;D_4__Ruminococcaceae;D_5__uncultured	0.9989290582603753
7386e368825d32d7e72f5c63d40197d6	Unassigned	0.6421989183047025
55e3047eb6d7c3bea93f0f6b64deabe4	Unassigned	0.6987647590133287
1012d8b6828c1d3ca7f9c99a94f9e53c	D_0__Bacteria;D_1__Proteobacteria;D_2__Gammaproteobacteria;D_3__Pseudomonadales;D_4__Moraxellaceae;D_5__Acinetobacter	0.9999935668512872
064cf286ff4eacac6e5dfeda0ce69d83	Unassigned	0.7838129412259893
207ae02662e99b9cad564d17ffa04500	D_0__Bacteria;D_1__Proteobacteria;D_2__Alphaproteobacteria;D_3__Acetobacterales;D_4__Acetobacteraceae;D_5__Acetobacter	0.9977941536074441
c03da7e08e379561733c05c5db6f4fef	Unassigned	0.7920127851148109
f12b94258ad6bef32e865cc93fcc7158	D_0__Bacteria;D_1__Firmicutes;D_2__Clostridia;D_3__Clostridiales;D_4__Lachnospiraceae;D_5__Roseburia;D_6__Roseburia inulinivorans	0.9094797768175392
1b3c9a50d4e71a2b2738d4f24ca7d928	Unassigned	0.8941681148346806
57699e57fe8f104df3d81f6545703467	Unassigned	0.5269769679575582
5af1b201966f6410b11d4b2cf07c9a68	D_0__Bacteria;D_1__Proteobacteria;D_2__Gammaproteobacteria;D_3__Aeromonadales;D_4__Succinivibrionaceae;D_5__uncultured;D_6__uncultured bacterium	0.9296012099873994
97b9e7c2b9cdf3df01e675faa35e3e86	D_0__Bacteria;D_1__Firmicutes;D_2__Bacilli;D_3__Lactobacillales;D_4__Lactobacillaceae;D_5__Lactobacillus	0.9999204661308491
36a2e043c53bb38303f5d3d871b80f92	D_0__Bacteria;D_1__Firmicutes;D_2__Clostridia;D_3__Clostridiales;D_4__Lachnospiraceae;D_5__Lachnospira	0.9944056351635019
6c8234f7b457cb0dbea1613d4868dfb3	D_0__Bacteria;D_1__Proteobacteria;D_2__Alphaproteobacteria;D_3__Acetobacterales;D_4__Acetobacteraceae;D_5__Acetobacter	0.9961287989400702
909af7a0dd95bdedc18f9c65734746e3	D_0__Bacteria;D_1__Proteobacteria;D_2__Alphaproteobacteria;D_3__Acetobacterales;D_4__Acetobacteraceae;D_5__Acetobacter	0.9958353446784088
a3a075b3f33a6af05e104286c6605189	Unassigned	0.8707464923368431
9ca4acd82977344c0e1b38a16db5a3db	D_0__Bacteria;D_1__Proteobacteria;D_2__Alphaproteobacteria;D_3__Rickettsiales;D_4__Mitochondria	0.9971721075613394
7b8425aa8fc2841f39b729e82ed273d8	Unassigned	0.635646289611796
731222d6cca5228b3635600fda751cfa	D_0__Bacteria;D_1__Bacteroidetes;D_2__Bacteroidia;D_3__Chitinophagales;D_4__Chitinophagaceae	0.9518240636912598
4df5f13d9da85c424a16c5df0075ea64	D_0__Bacteria;D_1__Chloroflexi;D_2__AD3;D_3__uncultured Thermoflavimicrobium sp.;D_4__uncultured Thermoflavimicrobium sp.;D_5__uncultured Thermoflavimicrobium sp.;D_6__uncultured Thermoflavimicrobium sp.	0.924719455968974
9365e55df2b506b66b67a5a229f0b0ac	D_0__Bacteria;D_1__Bacteroidetes;D_2__Bacteroidia;D_3__Bacteroidales;D_4__Prevotellaceae;D_5__Prevotellaceae UCG-001;D_6__bacterium P3	0.9134255888371837
4a56eb76d451359d81274a9559aa9560	D_0__Bacteria;D_1__Verrucomicrobia;D_2__Verrucomicrobiae;D_3__Verrucomicrobiales;D_4__Akkermansiaceae;D_5__Akkermansia;D_6__unidentified	0.8842457735123569
7e4581cc7a8b0e2fca05286190f84815	D_0__Bacteria;D_1__Verrucomicrobia;D_2__Verrucomicrobiae;D_3__Verrucomicrobiales;D_4__Akkermansiaceae;D_5__Akkermansia;D_6__unidentified	0.9054776133864237
6beaa2cddbc9009e85d203446c6cdb86	D_0__Bacteria;D_1__Verrucomicrobia;D_2__Verrucomicrobiae;D_3__Verrucomicrobiales;D_4__Akkermansiaceae;D_5__Akkermansia;D_6__unidentified	0.9127131069915965
61be3476c72c535fbde4bcc8739857e6	D_0__Bacteria;D_1__Spirochaetes;D_2__Spirochaetia;D_3__Spirochaetales;D_4__Spirochaetaceae;D_5__Sediminispirochaeta;D_6__uncultured rumen bacterium	0.9870904887057917
4f4cf7a9300bd3993ecdbabe8324738c	Unassigned	0.8737340565378774
834b8657e3d0efa9a515dc850275af3b	Unassigned	0.9261945141193756
d7a7dde157606b59d5cd534da7d6e5d3	D_0__Bacteria;D_1__Firmicutes;D_2__Clostridia;D_3__Clostridiales;D_4__Family XIII	0.9079456901776786
d3ad72640eeaed7283c0c2af451a96e4	D_0__Bacteria;D_1__Verrucomicrobia;D_2__Verrucomicrobiae;D_3__Verrucomicrobiales;D_4__Akkermansiaceae;D_5__Akkermansia;D_6__unidentified	0.9216951610152275
183fe3084444886321353a79e150f165	D_0__Bacteria;D_1__Bacteroidetes;D_2__Bacteroidia;D_3__Bacteroidales;D_4__Rikenellaceae;D_5__Millionella;D_6__Millionella massiliensis	0.9884974530340683
034bfe7ab10b5abc3503b5e6273262fe	D_0__Bacteria;D_1__Proteobacteria;D_2__Alphaproteobacteria;D_3__Sphingomonadales;D_4__Sphingomonadaceae;D_5__Novosphingobium	0.8227545338787371
41069b7255c8ccf1240019d7d7073fa6	D_0__Bacteria;D_1__Actinobacteria;D_2__Thermoleophilia;D_3__Solirubrobacterales;D_4__Solirubrobacteraceae;D_5__Solirubrobacter	0.9997860818463911
089114124ef039c9915d67663b68dcc3	D_0__Bacteria;D_1__Actinobacteria;D_2__Actinobacteria;D_3__Micrococcales;D_4__Dermacoccaceae;D_5__Dermacoccus	0.9729730695655525
ee3f90b8341a0079d6d170c0c6251aa4	D_0__Bacteria;D_1__Proteobacteria;D_2__Alphaproteobacteria;D_3__Rhodobacterales;D_4__Rhodobacteraceae;D_5__Paracoccus	0.9666528251574207
854be8a30231a0f0547a731a6c33b9b8	Unassigned	0.6455861088947881
2e5e15543a89ace3a16edba72b9b3ad7	Unassigned	0.8300334578983364
096a27ed8798936833494f7df16f3d27	D_0__Bacteria;D_1__Bacteroidetes;D_2__Bacteroidia;D_3__Bacteroidales;D_4__Prevotellaceae;D_5__Prevotella 9	0.9999997621164228
dd9babc49ad1c02532fd705384b5c4af	D_0__Bacteria;D_1__Firmicutes;D_2__Clostridia;D_3__Clostridiales;D_4__Ruminococcaceae;D_5__Ruminococcus 1	0.8836914812899782
1dca96eaa7f8f2ffec2d74b80ccb9111	D_0__Bacteria;D_1__Proteobacteria;D_2__Deltaproteobacteria;D_3__Myxococcales;D_4__BIrii41	0.9999987006690714
ddde3e4e52171396404f33cc4ddb9c13	D_0__Bacteria;D_1__Actinobacteria;D_2__Coriobacteriia;D_3__Coriobacteriales;D_4__Eggerthellaceae;D_5__Enterorhabdus	0.9995791979836511
129829f683451d72434ea18494306b60	D_0__Bacteria;D_1__Firmicutes;D_2__Clostridia;D_3__Clostridiales;D_4__Peptostreptococcaceae	0.9999985561940529
85a7fa32496f4062f5aa6601cc626183	D_0__Bacteria;D_1__Proteobacteria;D_2__Gammaproteobacteria	0.9387569112574665
10e65f39ea1fcc39a918a4435784355e	D_0__Bacteria;D_1__Actinobacteria;D_2__Actinobacteria;D_3__Streptosporangiales;D_4__Nocardiopsaceae;D_5__Nocardiopsis	0.9991366506345633
5918ab5987dfcc91f03f1af50bd714df	D_0__Bacteria	0.823701869580741
4129604448c3168dc0aba39a66d31c4a	Unassigned	0.734636988940838
6a36988d0830a2c1335f5044a0672395	D_0__Bacteria;D_1__Proteobacteria;D_2__Gammaproteobacteria;D_3__Aeromonadales;D_4__Succinivibrionaceae;D_5__Ruminobacter;D_6__uncultured Ruminobacter sp.	0.9985333598668742
2a771ed41ab64ab753a8875fe3729727	D_0__Bacteria	0.8773664456674266
c5f6344633540e2150667fecd35d0a1c	D_0__Bacteria;D_1__Cyanobacteria;D_2__Oxyphotobacteria;D_3__Chloroplast	0.9999999999999856
e618fff0263576d26541e5aa025a913d	D_0__Bacteria;D_1__Proteobacteria;D_2__Alphaproteobacteria;D_3__Acetobacterales;D_4__Acetobacteraceae;D_5__Acetobacter;D_6__Acetobacter persici	0.8949479086239057
16b8a2e6f9ff53fb3edddde6e11b9ad9	D_0__Bacteria;D_1__Proteobacteria;D_2__Alphaproteobacteria;D_3__Acetobacterales;D_4__Acetobacteraceae;D_5__Acetobacter;D_6__Acetobacter persici	0.8946727588112663
fe0d048b30cae693555b54df4240b300	D_0__Bacteria;D_1__Proteobacteria;D_2__Alphaproteobacteria;D_3__Acetobacterales;D_4__Acetobacteraceae;D_5__Acetobacter;D_6__Acetobacter persici	0.8948918923445623
2d10aa79467a974b8c7b4166e300fb1d	D_0__Bacteria;D_1__Proteobacteria;D_2__Alphaproteobacteria;D_3__Acetobacterales;D_4__Acetobacteraceae;D_5__Acetobacter;D_6__Acetobacter persici	0.9062480340475821
e4819c79e91ba3bcc6ae22c66f495446	D_0__Bacteria;D_1__Proteobacteria;D_2__Alphaproteobacteria;D_3__Acetobacterales;D_4__Acetobacteraceae;D_5__Acetobacter	0.9960383203885453
1a760bb511501dc0f6e59ee96bf14faf	D_0__Bacteria;D_1__Proteobacteria;D_2__Alphaproteobacteria;D_3__Acetobacterales;D_4__Acetobacteraceae;D_5__Acetobacter	0.9960683443309317
af473a8763d5e69550391fc74ad4dbdf	D_0__Bacteria;D_1__Proteobacteria;D_2__Alphaproteobacteria;D_3__Acetobacterales;D_4__Acetobacteraceae;D_5__Acetobacter	0.9957833999450906
e188aa3ba71e3c419adee39c78c7a52c	D_0__Bacteria;D_1__Proteobacteria;D_2__Alphaproteobacteria;D_3__Acetobacterales;D_4__Acetobacteraceae;D_5__Acetobacter	0.9960253785209843
30c45817a991ddeba6be25d2f191c839	D_0__Bacteria;D_1__Proteobacteria;D_2__Alphaproteobacteria;D_3__Acetobacterales;D_4__Acetobacteraceae;D_5__Acetobacter	0.9957047593767283
c9800250174e4cf317843071e7209da5	D_0__Bacteria;D_1__Proteobacteria;D_2__Alphaproteobacteria;D_3__Acetobacterales;D_4__Acetobacteraceae;D_5__Acetobacter	0.9961128114249435
a9d909dce4af32b382cc990b3a67f544	D_0__Bacteria;D_1__Proteobacteria;D_2__Alphaproteobacteria;D_3__Acetobacterales;D_4__Acetobacteraceae;D_5__Acetobacter	0.9977365977610099
11dff26752f9ddbe46b0cea04f90122d	D_0__Bacteria;D_1__Proteobacteria;D_2__Alphaproteobacteria;D_3__Acetobacterales;D_4__Acetobacteraceae;D_5__Acetobacter	0.9977688212404143
db696af1ca7089be7ee31fc0c0e31d54	D_0__Bacteria;D_1__Proteobacteria;D_2__Alphaproteobacteria;D_3__Acetobacterales;D_4__Acetobacteraceae;D_5__Acetobacter	0.9977783510288165
62e7eebab55e0e6ab36af585e7f315cd	D_0__Bacteria;D_1__Proteobacteria;D_2__Alphaproteobacteria;D_3__Acetobacterales;D_4__Acetobacteraceae;D_5__Acetobacter	0.9967893288710581
2accfb91bf1856c57f55d4ccd9177720	D_0__Bacteria;D_1__Proteobacteria;D_2__Alphaproteobacteria;D_3__Acetobacterales;D_4__Acetobacteraceae;D_5__Acetobacter	0.996482151946301
f1ee9294e2c94dd6028da1868964ed9a	D_0__Bacteria;D_1__Proteobacteria;D_2__Alphaproteobacteria;D_3__Acetobacterales;D_4__Acetobacteraceae;D_5__Acetobacter	0.9961747364920849
214c0d696dfa9d9141f8ba0047bab85a	D_0__Bacteria;D_1__Proteobacteria;D_2__Alphaproteobacteria;D_3__Acetobacterales;D_4__Acetobacteraceae;D_5__Acetobacter	0.9959756202586532
a6b6b41138c457dcc6fb66947fadd0b5	D_0__Bacteria;D_1__Proteobacteria;D_2__Alphaproteobacteria;D_3__Acetobacterales;D_4__Acetobacteraceae;D_5__Acetobacter	0.9959737738332487
3d4e9feea35a62ef126990464eb49ecd	D_0__Bacteria;D_1__Proteobacteria;D_2__Alphaproteobacteria;D_3__Acetobacterales;D_4__Acetobacteraceae;D_5__Acetobacter	0.9960134347577045
96d281ffdd38b79c48e5ceaff977b42a	D_0__Bacteria;D_1__Proteobacteria;D_2__Alphaproteobacteria;D_3__Acetobacterales;D_4__Acetobacteraceae;D_5__Acetobacter	0.9959790361848099
0b9f4ef7d3bb77f6f9f817cda686a578	D_0__Bacteria;D_1__Proteobacteria;D_2__Alphaproteobacteria;D_3__Acetobacterales;D_4__Acetobacteraceae;D_5__Acetobacter	0.9978537535398015
b4acb34130c496625f00032b8a96bc38	D_0__Bacteria;D_1__Proteobacteria;D_2__Alphaproteobacteria;D_3__Acetobacterales;D_4__Acetobacteraceae;D_5__Acetobacter	0.997413878315423
a628853f9c4b95c0ac72b989f63891d4	D_0__Bacteria;D_1__Proteobacteria;D_2__Alphaproteobacteria;D_3__Acetobacterales;D_4__Acetobacteraceae;D_5__Acetobacter	0.9977778694150929
f6f4b35019d7a9558d8f59565d53af89	D_0__Bacteria;D_1__Proteobacteria;D_2__Alphaproteobacteria;D_3__Acetobacterales;D_4__Acetobacteraceae;D_5__Acetobacter	0.9961335681774017
6ff1c8cb9701a6b153a6eaf8af950793	D_0__Bacteria;D_1__Proteobacteria;D_2__Alphaproteobacteria;D_3__Acetobacterales;D_4__Acetobacteraceae;D_5__Acetobacter	0.9961272681930305
4b00451065f4c5e1f55c356b6252b75c	D_0__Bacteria;D_1__Proteobacteria;D_2__Alphaproteobacteria;D_3__Acetobacterales;D_4__Acetobacteraceae;D_5__Acetobacter	0.9957480262745528
5b116db097da614b11552182ec423ebf	D_0__Bacteria;D_1__Proteobacteria;D_2__Alphaproteobacteria;D_3__Acetobacterales;D_4__Acetobacteraceae;D_5__Acetobacter	0.9961318356644353
63acf95438543c5fa3a5ea08c3e2ae60	D_0__Bacteria;D_1__Proteobacteria;D_2__Alphaproteobacteria;D_3__Acetobacterales;D_4__Acetobacteraceae;D_5__Acetobacter	0.9961667998941719
a580011d09787af6e3d127dabfb6e63f	D_0__Bacteria;D_1__Verrucomicrobia;D_2__Verrucomicrobiae;D_3__Verrucomicrobiales;D_4__Akkermansiaceae;D_5__Akkermansia;D_6__unidentified	0.9055814991727774
a2770244eef012be686b2e74215a9c82	D_0__Bacteria;D_1__Verrucomicrobia;D_2__Verrucomicrobiae;D_3__Verrucomicrobiales;D_4__Akkermansiaceae;D_5__Akkermansia;D_6__unidentified	0.9145926269357798
7f80a7964eabf104f7d6788dc2b8cde1	D_0__Bacteria;D_1__Verrucomicrobia;D_2__Verrucomicrobiae;D_3__Verrucomicrobiales;D_4__Akkermansiaceae;D_5__Akkermansia;D_6__unidentified	0.9073473903248909
e6840ebec02fc775464fdb0603aaab85	D_0__Bacteria;D_1__Verrucomicrobia;D_2__Verrucomicrobiae;D_3__Verrucomicrobiales;D_4__Akkermansiaceae;D_5__Akkermansia;D_6__unidentified	0.8892445007222329
